district,facility,date
chama dho,buli,2009-05-05
chama dho,chibale,2009-05-05
chama dho,chifunda,2009-05-04
chama dho,chigoma,2009-05-05
chama dho,chikwa,2009-05-05
chama dho,chilubanama,2009-05-03
chama dho,kambombo,2009-05-03
chama dho,kambwili,2009-05-03
chama dho,kanyelele,2009-05-05
chama dho,kapichilasenga,2009-05-05
chama dho,fulaza,2009-05-04
chama dho,lundu,2009-05-04
chama dho,mapamba,2009-05-05
chama dho,mphyanakunda,2009-05-05
chama dho,mulilo,2009-05-05
chama dho,nthonkho,2009-05-04
chama dho,pondo,2009-05-03
chama dho,sitwe,2009-05-05
chama dho,tembwe,2009-05-05
chama dho,buli,2009-06-09
chama dho,chibale,2009-06-05
chama dho,chikwa,2009-06-04
chama dho,chilubanama,2009-06-02
chama dho,kambombo,2009-06-05
chama dho,kambwili,2009-06-05
chama dho,kanyelele,2009-06-01
chama dho,fulaza,2009-06-04
chama dho,lundu,2009-06-03
chama dho,mapamba,2009-06-03
chama dho,nthonkho,2009-06-04
chama dho,sitwe,2009-06-08
chama dho,tembwe,2009-06-05
chama dho,chifunda,2009-06-29
chama dho,chigoma,2009-06-29
chama dho,chikwa,2009-06-29
chama dho,chilubanama,2009-06-30
chama dho,kambombo,2009-06-30
chama dho,kambwili,2009-06-30
chama dho,kapichilasenga,2009-06-29
chama dho,mapamba,2009-06-29
chama dho,mphyanakunda,2009-06-30
chama dho,nthonkho,2009-06-30
chama dho,sitwe,2009-06-30
chama dho,buli,2009-08-04
chama dho,chibale,2009-08-05
chama dho,chifunda,2009-08-04
chama dho,chigoma,2009-08-03
chama dho,chikwa,2009-08-04
chama dho,chilubanama,2009-08-04
chama dho,kambombo,2009-08-04
chama dho,kambwili,2009-08-04
chama dho,kanyelele,2009-08-04
chama dho,kapichilasenga,2009-08-03
chama dho,fulaza,2009-08-04
chama dho,lundu,2009-08-03
chama dho,mapamba,2009-08-04
chama dho,mphyanakunda,2009-08-04
chama dho,mulilo,2009-08-04
chama dho,nthonkho,2009-08-04
chama dho,pondo,2009-08-04
chama dho,sitwe,2009-08-04
chama dho,tembwe,2009-08-05
chama dho,buli,2009-09-04
chama dho,chibale,2009-09-03
chama dho,chigoma,2009-09-03
chama dho,chikwa,2009-09-03
chama dho,chilubanama,2009-09-04
chama dho,kambombo,2009-09-04
chama dho,kambwili,2009-09-04
chama dho,kapichilasenga,2009-09-01
chama dho,fulaza,2009-09-04
chama dho,lundu,2009-09-03
chama dho,mapamba,2009-09-03
chama dho,mphyanakunda,2009-09-04
chama dho,mulilo,2009-09-04
chama dho,pondo,2009-09-04
chama dho,sitwe,2009-09-04
chama dho,tembwe,2009-09-03
chama dho,buli,2009-10-02
chama dho,chibale,2009-10-07
chama dho,chigoma,2009-10-05
chama dho,chikwa,2009-10-05
chama dho,chilubanama,2009-10-05
chama dho,kambombo,2009-10-07
chama dho,kambwili,2009-10-05
chama dho,kapichilasenga,2009-10-06
chama dho,fulaza,2009-10-05
chama dho,lundu,2009-10-05
chama dho,mapamba,2009-10-05
chama dho,mphyanakunda,2009-10-05
chama dho,mulilo,2009-10-05
chama dho,nthonkho,2009-10-05
chama dho,pondo,2009-10-05
chama dho,sitwe,2009-10-05
chama dho,tembwe,2009-10-05
chama dho,buli,2009-11-02
chama dho,chibale,2009-11-05
chama dho,chifunda,2009-11-05
chama dho,chigoma,2009-11-04
chama dho,chikwa,2009-11-04
chama dho,chilubanama,2009-11-03
chama dho,kambombo,2009-11-05
chama dho,kambwili,2009-11-05
chama dho,kapichilasenga,2009-11-02
chama dho,fulaza,2009-11-03
chama dho,lundu,2009-11-04
chama dho,mapamba,2009-11-02
chama dho,mphyanakunda,2009-11-04
chama dho,mulilo,2009-11-05
chama dho,nthonkho,2009-11-04
chama dho,pondo,2009-11-05
chama dho,sitwe,2009-11-02
chama dho,tembwe,2009-11-03
chama dho,buli,2009-12-03
chama dho,chifunda,2009-12-05
chama dho,chigoma,2009-12-05
chama dho,chilubanama,2009-12-05
chama dho,kambombo,2009-12-05
chama dho,kambwili,2009-12-04
chama dho,fulaza,2009-12-05
chama dho,lundu,2009-12-07
chama dho,mapamba,2009-12-05
chama dho,mphyanakunda,2009-12-05
chama dho,tembwe,2009-12-02
chama dho,buli,2010-01-05
chama dho,chifunda,2010-01-04
chama dho,chikwa,2010-01-04
chama dho,kambombo,2010-01-06
chama dho,kambwili,2010-01-06
chama dho,fulaza,2010-01-06
chama dho,lundu,2010-01-04
chama dho,mapamba,2010-01-04
chama dho,nthonkho,2010-01-05
chama dho,pondo,2010-01-06
chama dho,sitwe,2010-01-06
chama dho,tembwe,2010-01-05
chama dho,buli,2010-02-02
chama dho,chibale,2010-02-02
chama dho,chigoma,2010-02-04
chama dho,chikwa,2010-02-04
chama dho,chilubanama,2010-02-02
chama dho,kambombo,2010-02-01
chama dho,kambwili,2010-02-04
chama dho,kanyelele,2010-02-08
chama dho,kapichilasenga,2010-02-04
chama dho,fulaza,2010-02-02
chama dho,lundu,2010-02-03
chama dho,mapamba,2010-02-03
chama dho,mphyanakunda,2010-02-03
chama dho,mulilo,2010-02-04
chama dho,nthonkho,2010-02-03
chama dho,sitwe,2010-02-04
chama dho,tembwe,2010-02-02
chama dho,kambombo,2010-03-03
chama dho,kambwili,2010-03-05
chama dho,mphyanakunda,2010-03-05
chama dho,mulilo,2010-03-05
chama dho,nthonkho,2010-03-04
chama dho,sitwe,2010-03-05
chama dho,chibale,2010-04-07
chama dho,chikwa,2010-04-07
chama dho,chilubanama,2010-04-06
chama dho,kambombo,2010-04-07
chama dho,kambwili,2010-04-06
chama dho,fulaza,2010-04-07
chama dho,lundu,2010-04-06
chama dho,mapamba,2010-04-06
chama dho,mphyanakunda,2010-04-07
chama dho,mulilo,2010-04-07
chama dho,nthonkho,2010-04-06
chama dho,sitwe,2010-04-06
chama dho,chifunda,2010-05-04
chama dho,chigoma,2010-05-04
chama dho,chikwa,2010-05-04
chama dho,chilubanama,2010-05-03
chama dho,kambombo,2010-05-04
chama dho,kambwili,2010-05-05
chama dho,lundu,2010-05-04
chavuma dho,chiyeke,2009-05-07
chavuma dho,chivombo,2009-05-07
chavuma dho,chingi,2009-05-07
chavuma dho,lukolwe mission,2009-05-08
chavuma dho,nyatanda,2009-05-08
chavuma dho,chiyeke,2009-06-10
chavuma dho,chivombo,2009-06-10
chavuma dho,chingi,2009-06-10
chavuma dho,lukolwe mission,9-06-19
chavuma dho,nyatanda,2009-06-11
chavuma dho,chiyeke,2009-07-01
chavuma dho,lukolwe mission,2009-07-01
chavuma dho,chivombo,2009-07-03
chavuma dho,chingi,2009-07-04
chavuma dho,nyatanda,2009-07-09
chavuma dho,chingi,2009-08-05
chavuma dho,lukolwe mission,2009-08-06
chavuma dho,chiyeke,2009-08-06
chavuma dho,chivombo,2009-08-07
chavuma dho,nyatanda,9-08-27
chavuma dho,chiyeke,2009-09-02
chavuma dho,chivombo,2009-09-02
chavuma dho,chingi,2009-09-02
chavuma dho,lukolwe mission,2009-09-04
chavuma dho,nyatanda,2009-09-05
chavuma dho,chiyeke,2009-10-05
chavuma dho,chivombo,2009-10-05
chavuma dho,chingi,2009-10-05
chavuma dho,lukolwe mission,2009-10-05
chavuma dho,nyatanda,2009-10-06
chavuma dho,chiyeke,2009-11-03
chavuma dho,chingi,2009-11-04
chavuma dho,chivombo,2009-11-04
chavuma dho,lukolwe mission,2009-11-03
chavuma dho,nyatanda,9-10-31
chavuma dho,nyatanda,9-11-30
chavuma dho,chiyeke,2009-12-04
chavuma dho,chingi,2009-12-04
chavuma dho,lukolwe mission,2009-12-04
chavuma dho,chivombo,2009-12-07
chavuma dho,nyatanda,9-12-31
chavuma dho,chiyeke,2010-01-05
chavuma dho,chingi,2010-01-04
chavuma dho,chivombo,2010-01-04
chavuma dho,lukolwe mission,2010-01-05
chavuma dho,chiyeke,2010-02-04
chavuma dho,chivombo,2010-02-03
chavuma dho,chingi,2010-02-04
chavuma dho,lukolwe mission,2010-02-03
chavuma dho,chiyeke,2010-03-05
chavuma dho,chivombo,2010-03-05
chavuma dho,chingi,2010-03-03
chavuma dho,lukolwe mission,2010-03-05
chavuma dho,nyatanda,10-02-28
chavuma dho,nyatanda,10-03-31
chavuma dho,chivombo,2010-04-02
chavuma dho,chingi,2010-04-04
chavuma dho,chiyeke,2010-04-05
chavuma dho,lukolwe mission,2010-04-05
kabompo dho,chikonkwelo,2009-06-05
kabompo dho,dyambombola,2009-06-05
kabompo dho,kabompo,2009-06-05
kabompo dho,kabulamema,2009-06-04
kabompo dho,kalunga,2009-06-05
kabompo dho,kasamba,2009-06-03
kabompo dho,kashinakaji,2009-06-05
kabompo dho,kayombo,2009-06-04
kabompo dho,luansongwa,2009-06-04
kabompo dho,loloma,2009-06-11
kabompo dho,mayawu,2009-06-05
kabompo dho,mumbeji,2009-06-05
kabompo dho,ndungo,2009-06-01
kabompo dho,nkulwashi,2009-06-04
kabompo dho,saint kalemba,2009-06-04
kabompo dho,chifuwe south,2009-07-08
kabompo dho,chikonkwelo,2009-07-03
kabompo dho,dyambombola,2009-07-03
kabompo dho,kabompo,2009-07-03
kabompo dho,kabulamema,2009-07-03
kabompo dho,kalunga,2009-07-03
kabompo dho,kasamba,2009-07-03
kabompo dho,kashinakaji,2009-07-03
kabompo dho,kayombo,2009-07-03
kabompo dho,luansongwa,2009-07-03
kabompo dho,loloma,2009-07-10
kabompo dho,mayawu,2009-07-09
kabompo dho,mumbeji,2009-07-02
kabompo dho,ndungo,2009-07-03
kabompo dho,nkulwashi,2009-07-09
kabompo dho,saint kalemba,2009-07-03
kabompo dho,chifuwe south,2009-08-08
kabompo dho,chikonkwelo,2009-08-03
kabompo dho,dyambombola,2009-08-03
kabompo dho,kabompo,2009-08-03
kabompo dho,kabulamema,2009-08-03
kabompo dho,kalunga,2009-08-03
kabompo dho,kasamba,2009-08-03
kabompo dho,kashinakaji,2009-08-03
kabompo dho,kayombo,2009-08-03
kabompo dho,luansongwa,2009-08-03
kabompo dho,loloma,2009-08-10
kabompo dho,mayawu,2009-08-09
kabompo dho,mumbeji,2009-08-02
kabompo dho,ndungo,2009-08-03
kabompo dho,nkulwashi,2009-08-09
kabompo dho,saint kalemba,2009-08-03
kabompo dho,chifuwe south,2009-09-04
kabompo dho,chikonkwelo,2009-09-03
kabompo dho,dyambombola,2009-09-07
kabompo dho,kabompo,2009-09-09
kabompo dho,kabulamema,2009-09-09
kabompo dho,kalunga,2009-09-09
kabompo dho,kasamba,2009-09-04
kabompo dho,kashinakaji,2009-09-03
kabompo dho,kayombo,2009-09-07
kabompo dho,luansongwa,2009-09-08
kabompo dho,loloma,2009-09-08
kabompo dho,mayawu,2009-09-09
kabompo dho,mumbeji,2009-09-03
kabompo dho,ndungo,2009-09-07
kabompo dho,nkulwashi,2009-09-04
kabompo dho,saint kalemba,2009-09-07
kabompo dho,chifuwe south,2009-10-07
kabompo dho,chikonkwelo,2009-10-05
kabompo dho,dyambombola,2009-10-12
kabompo dho,kabompo,2009-10-05
kabompo dho,kabulamema,2009-10-06
kabompo dho,kalunga,2009-10-09
kabompo dho,kasamba,2009-10-05
kabompo dho,kashinakaji,2009-10-07
kabompo dho,kayombo,2009-10-05
kabompo dho,luansongwa,2009-10-05
kabompo dho,loloma,2009-10-05
kabompo dho,mayawu,2009-10-09
kabompo dho,mumbeji,2009-10-08
kabompo dho,ndungo,9-10-13
kabompo dho,nkulwashi,2009-10-02
kabompo dho,saint kalemba,2009-10-01
kabompo dho,chifuwe south,2009-11-09
kabompo dho,chikonkwelo,2009-11-09
kabompo dho,dyambombola,2009-11-05
kabompo dho,kabompo,2009-11-09
kabompo dho,kabulamema,2009-11-09
kabompo dho,kalunga,2009-11-05
kabompo dho,kasamba,2009-11-09
kabompo dho,kashinakaji,2009-11-10
kabompo dho,kayombo,2009-11-04
kabompo dho,luansongwa,2009-11-05
kabompo dho,loloma,2009-11-04
kabompo dho,mayawu,2009-11-05
kabompo dho,mumbeji,2009-11-06
kabompo dho,ndungo,2009-11-04
kabompo dho,nkulwashi,2009-11-02
kabompo dho,saint kalemba,2009-11-05
kabompo dho,chifuwe south,2009-12-04
kabompo dho,chikonkwelo,2009-12-04
kabompo dho,dyambombola,2009-12-06
kabompo dho,kabompo,2009-12-04
kabompo dho,kabulamema,2009-12-04
kabompo dho,kalunga,2009-12-03
kabompo dho,kasamba,2009-12-04
kabompo dho,kashinakaji,2009-12-03
kabompo dho,kayombo,2009-12-04
kabompo dho,luansongwa,2009-12-04
kabompo dho,loloma,2009-12-04
kabompo dho,mayawu,2009-12-05
kabompo dho,mumbeji,2009-12-06
kabompo dho,ndungo,2009-12-04
kabompo dho,nkulwashi,2009-12-04
kabompo dho,saint kalemba,2009-12-05
kabompo dho,chifuwe south,2010-01-04
kabompo dho,chikonkwelo,2010-01-04
kabompo dho,dyambombola,2010-01-09
kabompo dho,kabompo,2010-01-04
kabompo dho,kabulamema,2010-01-04
kabompo dho,kalunga,2010-01-04
kabompo dho,kasamba,2010-01-04
kabompo dho,kashinakaji,2010-01-03
kabompo dho,kayombo,2010-01-04
kabompo dho,luansongwa,2010-01-04
kabompo dho,loloma,2010-01-04
kabompo dho,mayawu,2010-01-08
kabompo dho,mumbeji,2010-01-10
kabompo dho,ndungo,2010-01-04
kabompo dho,nkulwashi,2010-01-04
kabompo dho,saint kalemba,2010-01-10
kabompo dho,chifuwe south,2010-02-02
kabompo dho,chikonkwelo,2010-02-03
kabompo dho,dyambombola,2010-02-04
kabompo dho,kabompo,2010-02-11
kabompo dho,kabulamema,2010-02-02
kabompo dho,kalunga,2010-02-04
kabompo dho,kasamba,2010-02-08
kabompo dho,kashinakaji,2010-02-04
kabompo dho,kayombo,2010-02-04
kabompo dho,luansongwa,2010-02-04
kabompo dho,loloma,2010-02-08
kabompo dho,mayawu,2010-02-03
kabompo dho,mumbeji,2010-02-04
kabompo dho,ndungo,2010-02-02
kabompo dho,nkulwashi,2010-02-05
kabompo dho,saint kalemba,2010-02-05
kabompo dho,chifuwe south,2010-03-05
kabompo dho,chikonkwelo,2010-03-03
kabompo dho,dyambombola,2010-03-03
kabompo dho,kabulamema,2010-03-05
kabompo dho,kalunga,2010-03-03
kabompo dho,kayombo,2010-03-03
kabompo dho,mayawu,2010-03-02
kabompo dho,nkulwashi,2010-03-05
kabompo dho,saint kalemba,2010-03-05
kabompo dho,chifuwe south,2010-04-06
kabompo dho,chikonkwelo,2010-04-01
kabompo dho,dyambombola,2010-04-12
kabompo dho,kabompo,2010-04-07
kabompo dho,kabulamema,2010-04-07
kabompo dho,kalunga,2010-04-07
kabompo dho,kasamba,2010-04-07
kabompo dho,kashinakaji,2010-04-09
kabompo dho,kayombo,2010-04-06
kabompo dho,luansongwa,2010-04-12
kabompo dho,loloma,2010-04-08
kabompo dho,mayawu,2010-04-07
kabompo dho,mumbeji,2010-04-09
kabompo dho,ndungo,2010-04-06
kabompo dho,nkulwashi,2010-04-07
kabompo dho,saint kalemba,2010-04-06
kabompo dho,chifuwe south,2010-05-06
kabompo dho,chikonkwelo,2010-05-04
kabompo dho,dyambombola,2010-05-03
kabompo dho,kabompo,2010-05-07
kabompo dho,kabulamema,2010-05-05
kabompo dho,kalunga,2010-05-03
kabompo dho,kasamba,2010-05-07
kabompo dho,kashinakaji,2010-05-07
kabompo dho,kayombo,2010-05-03
kabompo dho,luansongwa,2010-05-03
kabompo dho,loloma,2010-05-05
kabompo dho,mayawu,2010-05-07
kabompo dho,mumbeji,2010-05-06
kabompo dho,ndungo,2010-05-06
kabompo dho,nkulwashi,2010-05-04
kabompo dho,saint kalemba,2010-05-03
kaoma dho,mulamba,2009-05-09
kaoma dho,kaoma urban,2009-05-09
kaoma dho,katunda,2009-05-09
kaoma dho,chitwa,2005-05-09
kaoma dho,namilangi,2009-05-09
kaoma dho,kahare,2009-05-09
kaoma dho,njonjolo,2009-05-09
kaoma dho,nkenga,2009-05-09
kaoma dho,mulwa,2009-05-09
kaoma dho,mwanambuyu,2009-05-09
kaoma dho,zns mangango,2009-05-09
kaoma dho,mayukwayukwa 1,2009-05-09
kaoma dho,mayukwayukwa 2 (aha),2009-05-09
kaoma dho,nyambi 1,2009-05-09
kaoma dho,nyambi 2,2009-05-11
kaoma dho,kaaba,2009-05-09
kaoma dho,winda,2009-05-09
kaoma dho,kaaba,2009-06-04
kaoma dho,zns mangango,2009-06-03
kaoma dho,mulamba,2009-05-04
kaoma dho,kaoma urban,2009-06-04
kaoma dho,mayukwayukwa 1,2009-06-05
kaoma dho,mayukwayukwa 2 (aha),2009-06-08
kaoma dho,namilangi,2009-06-05
kaoma dho,kasabi,2009-06-05
kaoma dho,chitwa,2009-06-05
kaoma dho,mwanambuyu,2009-06-05
kaoma dho,mulwa,2009-06-05
kaoma dho,kasimba,2009-06-05
kaoma dho,nyambi 1,2009-06-05
kaoma dho,nyambi 2,2009-06-05
kaoma dho,katunda,2009-06-05
kaoma dho,kaoma district hospital,2009-06-05
kaoma dho,nakayembe,2009-06-08
kaoma dho,luena camp,2009-06-05
kaoma dho,luampa,2009-06-04
kaoma dho,saint josephs,2009-06-05
kaoma dho,kasimba,2009-06-05
kaoma dho,njonjolo,2009-06-05
kaoma dho,afumba,2009-06-05
kaoma dho,nkeyema,2009-06-10
kaoma dho,lui,2009-06-08
kaoma dho,mangango,2009-07-01
kaoma dho,nkeyema,2009-07-01
kaoma dho,nyambi 1,2009-07-03
kaoma dho,mulwa,2009-07-03
kaoma dho,kasimba,2009-07-03
kaoma dho,chitwa,2009-07-03
kaoma dho,nakayembe,2009-07-03
kaoma dho,kaoma district hospital,2009-07-04
kaoma dho,kaoma urban,2009-07-07
kaoma dho,luena camp,2009-07-07
kaoma dho,katunda,2009-07-08
kaoma dho,mulamba,2009-07-08
kaoma dho,luampa,2009-07-08
kaoma dho,kasabi,2009-07-08
kaoma dho,kaaba,2009-07-08
kaoma dho,kabilamwandi,2009-07-08
kaoma dho,winda,2009-07-08
kaoma dho,namilangi,2009-07-08
kaoma dho,kahare,2009-07-08
kaoma dho,njonjolo,2009-07-08
kaoma dho,nkenga,2009-07-08
kaoma dho,lui,2009-07-09
kaoma dho,mayukwayukwa 1,2009-07-09
kaoma dho,mwanambuyu,2009-07-09
kaoma dho,mayukwayukwa 1,2009-07-09
kaoma dho,zns mangango,2009-07-09
kaoma dho,saint josephs,2009-07-09
kaoma dho,afumba,2009-07-09
kaoma dho,mangango,2009-08-04
kaoma dho,nkeyema,2009-08-04
kaoma dho,nyambi 1,2009-08-04
kaoma dho,mulwa,2009-08-04
kaoma dho,kasimba,2009-08-04
kaoma dho,nakayembe,2009-08-04
kaoma dho,kaoma district hospital,2009-08-04
kaoma dho,kaoma urban,2009-08-04
kaoma dho,luena camp,2009-08-04
kaoma dho,katunda,2009-08-02
kaoma dho,mulamba,2009-08-02
kaoma dho,luampa,2009-08-02
kaoma dho,nyambi 2,2009-08-02
kaoma dho,kasabi,2009-08-02
kaoma dho,kaaba,2009-08-09
kaoma dho,kabilamwandi,9-08-17
kaoma dho,winda,9-08-17
kaoma dho,namilangi,2009-08-02
kaoma dho,kandende,2009-08-02
kaoma dho,kahare,9-07-29
kaoma dho,njonjolo,2009-08-05
kaoma dho,lui,2009-08-05
kaoma dho,mayukwayukwa 2 (aha),2009-08-05
kaoma dho,mbanyutu,9-07-30
kaoma dho,mwanambuyu,2009-08-05
kaoma dho,mayukwayukwa 1,2009-08-05
kaoma dho,zns mangango,9-07-30
kaoma dho,saint josephs,2009-08-04
kaoma dho,afumba,2009-08-02
kaoma dho,nkeyema,2009-09-02
kaoma dho,nyambi 1,2009-09-04
kaoma dho,mulwa,2009-09-03
kaoma dho,kasimba,2009-09-07
kaoma dho,chitwa,2009-09-03
kaoma dho,nakayembe,2009-09-03
kaoma dho,kaoma district hospital,2009-09-04
kaoma dho,kaoma urban,2009-09-04
kaoma dho,luena camp,2009-09-05
kaoma dho,katunda,2009-09-07
kaoma dho,mulamba,2009-09-05
kaoma dho,luampa,2009-09-07
kaoma dho,nyambi 2,2009-09-05
kaoma dho,kasabi,2009-09-05
kaoma dho,kaaba,2009-09-05
kaoma dho,kabilamwandi,2009-09-07
kaoma dho,winda,2009-09-07
kaoma dho,namilangi,2009-09-04
kaoma dho,kandende,2009-09-04
kaoma dho,kahare,2009-09-04
kaoma dho,njonjolo,2009-09-05
kaoma dho,nkenga,2009-09-07
kaoma dho,lui,2009-09-04
kaoma dho,mayukwayukwa 1,2009-09-04
kaoma dho,mbanyutu,2009-09-10
kaoma dho,mwanambuyu,2009-09-07
kaoma dho,mayukwayukwa 2 (aha),2009-09-05
kaoma dho,zns mangango,2009-09-07
kaoma dho,saint josephs,2009-09-04
kaoma dho,afumba,2009-09-05
kaoma dho,nkeyema,2009-10-01
kaoma dho,nyambi 1,2009-10-05
kaoma dho,mulwa,2009-10-03
kaoma dho,kasimba,2009-10-05
kaoma dho,chitwa,2009-10-03
kaoma dho,nakayembe,2009-10-01
kaoma dho,kaoma urban,2009-10-09
kaoma dho,luena camp,2009-10-05
kaoma dho,katunda,2009-10-02
kaoma dho,mulamba,2009-10-05
kaoma dho,luampa,2009-10-05
kaoma dho,nyambi 2,2009-10-05
kaoma dho,kasabi,2009-10-05
kaoma dho,kaaba,2009-10-05
kaoma dho,kabilamwandi,2009-10-05
kaoma dho,winda,2009-10-05
kaoma dho,namilangi,2009-10-05
kaoma dho,kandende,2009-10-09
kaoma dho,kahare,2009-10-05
kaoma dho,njonjolo,2009-10-05
kaoma dho,nkenga,2009-10-05
kaoma dho,lui,2009-10-05
kaoma dho,mayukwayukwa 1,2009-10-05
kaoma dho,mbanyutu,2009-10-05
kaoma dho,mwanambuyu,2009-10-05
kaoma dho,mayukwayukwa 2 (aha),2009-10-05
kaoma dho,zns mangango,2009-10-05
kaoma dho,saint josephs,2009-10-09
kaoma dho,afumba,2009-10-05
kaoma dho,nkeyema,2009-11-03
kaoma dho,nyambi 1,2009-11-05
kaoma dho,mulwa,2009-11-03
kaoma dho,kasimba,2009-11-05
kaoma dho,chitwa,2009-11-03
kaoma dho,nakayembe,2009-11-03
kaoma dho,kaoma urban,2009-11-06
kaoma dho,luena camp,2009-11-05
kaoma dho,luampa,2009-11-09
kaoma dho,katunda,2009-11-04
kaoma dho,mulamba,2009-11-05
kaoma dho,nyambi 2,2009-11-06
kaoma dho,kasabi,2009-10-09
kaoma dho,kaaba,2009-11-09
kaoma dho,kabilamwandi,2009-11-05
kaoma dho,winda,2009-11-05
kaoma dho,namilangi,2009-11-09
kaoma dho,kandende,2009-11-04
kaoma dho,kahare,2009-11-05
kaoma dho,njonjolo,2009-11-05
kaoma dho,nkenga,2009-11-05
kaoma dho,lui,2009-11-05
kaoma dho,mayukwayukwa 1,2009-11-05
kaoma dho,mbanyutu,2009-11-05
kaoma dho,mwanambuyu,2009-11-05
kaoma dho,mayukwayukwa 2 (aha),2009-11-05
kaoma dho,zns mangango,2009-11-05
kaoma dho,saint josephs,2009-11-05
kaoma dho,afumba,2009-11-05
kaoma dho,nkeyema,2009-12-01
kaoma dho,mulwa,2009-12-09
kaoma dho,kasimba,2009-12-07
kaoma dho,chitwa,2009-12-09
kaoma dho,nakayembe,2009-12-05
kaoma dho,kaoma urban,2009-12-09
kaoma dho,luena camp,2009-12-05
kaoma dho,katunda,2009-12-07
kaoma dho,mulamba,2009-12-05
kaoma dho,luampa,2009-12-07
kaoma dho,nyambi 2,2009-12-07
kaoma dho,kasabi,2009-12-07
kaoma dho,kaaba,2009-12-08
kaoma dho,kabilamwandi,2009-12-05
kaoma dho,winda,2009-12-07
kaoma dho,namilangi,2009-12-09
kaoma dho,kandende,2009-12-07
kaoma dho,kahare,2009-12-05
kaoma dho,njonjolo,2009-12-07
kaoma dho,lui,2009-12-09
kaoma dho,mayukwayukwa 1,2009-12-07
kaoma dho,mbanyutu,2009-12-07
kaoma dho,mwanambuyu,2009-12-07
kaoma dho,mayukwayukwa 2 (aha),2009-12-07
kaoma dho,zns mangango,2009-12-09
kaoma dho,saint josephs,2009-12-09
kaoma dho,afumba,2009-12-08
kaoma dho,nkeyema,2010-01-04
kaoma dho,mulwa,2010-01-06
kaoma dho,nakayembe,2010-01-06
kaoma dho,kaoma urban,2010-01-08
kaoma dho,luena camp,2010-01-04
kaoma dho,katunda,2010-01-08
kaoma dho,luampa,2010-01-05
kaoma dho,nyambi 2,2010-01-06
kaoma dho,kasabi,2010-01-04
kaoma dho,kaaba,2010-01-04
kaoma dho,winda,2010-01-05
kaoma dho,namilangi,2010-01-05
kaoma dho,njonjolo,2010-01-04
kaoma dho,lui,2010-01-07
kaoma dho,zns mangango,2010-01-05
kaoma dho,saint josephs,2010-01-05
kaoma dho,afumba,2010-01-05
kaoma dho,nkeyema,2010-02-04
kaoma dho,nyambi 1,2010-02-03
kaoma dho,mulwa,2010-02-03
kaoma dho,kasimba,2010-02-05
kaoma dho,chitwa,2010-02-05
kaoma dho,nakayembe,2010-02-05
kaoma dho,kaoma urban,2010-02-05
kaoma dho,luena camp,2010-02-08
kaoma dho,katunda,2010-02-05
kaoma dho,mulamba,2010-02-05
kaoma dho,luampa,2010-02-04
kaoma dho,nyambi 2,2010-02-02
kaoma dho,kabilamwandi,2010-02-08
kaoma dho,winda,2010-02-05
kaoma dho,namilangi,2010-02-05
kaoma dho,kahare,2010-02-08
kaoma dho,njonjolo,2010-02-05
kaoma dho,nkenga,2010-02-05
kaoma dho,lui,2010-02-04
kaoma dho,mayukwayukwa 1,2010-02-05
kaoma dho,mbanyutu,2010-02-05
kaoma dho,mayukwayukwa 2 (aha),2010-02-05
kaoma dho,zns mangango,2010-02-05
kaoma dho,saint josephs,2010-02-02
kaoma dho,afumba,2010-02-02
kaoma dho,nkeyema,2010-03-03
kaoma dho,nyambi 1,2010-03-03
kaoma dho,mulwa,2010-03-09
kaoma dho,kasimba,2010-03-05
kaoma dho,chitwa,2010-03-10
kaoma dho,nakayembe,2010-03-10
kaoma dho,kaoma urban,2010-03-02
kaoma dho,luena camp,2010-03-02
kaoma dho,katunda,2010-03-04
kaoma dho,mulamba,2010-03-10
kaoma dho,luampa,2010-03-09
kaoma dho,nyambi 2,2010-03-01
kaoma dho,kasabi,2010-03-04
kaoma dho,kaaba,2010-03-04
kaoma dho,kabilamwandi,2010-03-02
kaoma dho,winda,2010-03-09
kaoma dho,namilangi,2010-03-02
kaoma dho,kandende,2010-03-04
kaoma dho,njonjolo,2010-03-09
kaoma dho,lui,2010-03-04
kaoma dho,mayukwayukwa 1,2010-03-09
kaoma dho,mbanyutu,2010-03-05
kaoma dho,mwanambuyu,2010-03-04
kaoma dho,mayukwayukwa 2 (aha),2010-03-05
kaoma dho,saint josephs,2010-03-09
kaoma dho,afumba,2010-03-05
kaoma dho,zns mangango,2010-03-01
kaoma dho,nkeyema,2010-04-06
kaoma dho,nyambi 1,2010-04-06
kaoma dho,mulwa,2010-04-06
kaoma dho,kasimba,2010-04-06
kaoma dho,chitwa,2010-04-06
kaoma dho,nakayembe,2010-04-06
kaoma dho,kaoma urban,2010-04-06
kaoma dho,luena camp,2010-04-06
kaoma dho,katunda,2010-04-06
kaoma dho,mulamba,2010-04-06
kaoma dho,luampa,2010-04-07
kaoma dho,nyambi 2,2010-04-06
kaoma dho,kasabi,2010-04-06
kaoma dho,kaaba,2010-04-06
kaoma dho,kabilamwandi,2010-04-06
kaoma dho,winda,2010-04-06
kaoma dho,namilangi,2010-04-06
kaoma dho,kandende,2010-04-07
kaoma dho,kahare,2010-04-07
kaoma dho,njonjolo,2010-04-07
kaoma dho,nkenga,2010-04-09
kaoma dho,lui,2010-04-09
kaoma dho,mayukwayukwa 1,2010-04-09
kaoma dho,mbanyutu,2010-04-09
kaoma dho,mwanambuyu,2010-04-09
kaoma dho,mayukwayukwa 2 (aha),2010-04-09
kaoma dho,saint josephs,2010-04-09
kaoma dho,afumba,2010-04-09
kaoma dho,zns mangango,2010-05-04
kaoma dho,nkeyema,2010-05-05
kaoma dho,nyambi 1,2010-05-10
kaoma dho,mulwa,2010-05-10
kaoma dho,kasimba,2010-05-10
kaoma dho,chitwa,2010-05-10
kaoma dho,nakayembe,2010-05-10
kaoma dho,kaoma urban,2010-05-10
kaoma dho,luena camp,2010-05-05
kaoma dho,katunda,2010-05-04
kaoma dho,mulamba,2010-05-04
kaoma dho,luampa,2010-05-06
kaoma dho,nyambi 2,2010-05-07
kaoma dho,kasabi,2010-05-07
kaoma dho,kaaba,2010-05-07
kaoma dho,kabilamwandi,2010-05-07
kaoma dho,winda,2010-05-07
kaoma dho,namilangi,2010-05-07
kaoma dho,kandende,2010-05-10
kaoma dho,kahare,2010-05-05
kaoma dho,njonjolo,2010-05-04
kaoma dho,nkenga,2010-05-07
kaoma dho,lui,2010-05-07
kaoma dho,mayukwayukwa 1,2010-05-04
kaoma dho,mbanyutu,2010-05-04
kaoma dho,mwanambuyu,2010-05-10
kaoma dho,mayukwayukwa 2 (aha),2010-05-10
kaoma dho,saint josephs,2010-05-07
kaoma dho,afumba,2010-05-10
kasama dho,chanda mukulu,9-05-17
kasama dho,chilongoshi,9-05-26
kasama dho,chilubula,9-05-23
kasama dho,chiombo,2009-05-07
kasama dho,chisanga,2009-05-08
kasama dho,college,2009-05-11
kasama dho,kasakula,2009-05-11
kasama dho,kasama urban,2009-05-07
kasama dho,kateshi,2009-05-06
kasama dho,location,2009-05-10
kasama dho,lubushi,9-05-16
kasama dho,lukashi,2009-05-06
kasama dho,lukashya,2009-05-08
kasama dho,lukupa,2009-05-07
kasama dho,mbusa,2009-05-09
kasama dho,milima,2009-05-08
kasama dho,misamfu,9-05-20
kasama dho,misengo,9-05-15
kasama dho,munkonge,2009-05-08
kasama dho,mulanshi,9-05-16
kasama dho,mulenga,2009-05-12
kasama dho,mulobola,9-05-22
kasama dho,mumbi mfumu,2009-05-11
kasama dho,musa,2009-05-10
kasama dho,mwamba,2009-05-07
kasama dho,nkolemfumu,9-05-16
kasama dho,tazara,2009-05-07
kasama dho,army,2009-06-09
kasama dho,chanda mukulu,9-06-18
kasama dho,chilongoshi,9-06-17
kasama dho,chilubula,2009-06-05
kasama dho,chiombo,2009-06-08
kasama dho,chisanga,2009-06-10
kasama dho,college,2009-06-08
kasama dho,kasakula,2009-06-05
kasama dho,kasama urban,2009-06-04
kasama dho,kateshi,2009-06-03
kasama dho,location,2009-06-04
kasama dho,lubushi,2009-06-11
kasama dho,lukashi,2009-06-11
kasama dho,lukashya,2009-06-08
kasama dho,lukupa,2009-06-01
kasama dho,mbusa,2009-06-10
kasama dho,milima,2009-06-04
kasama dho,misamfu,2009-06-11
kasama dho,misengo,9-06-17
kasama dho,munkonge,9-06-14
kasama dho,mulanshi,2009-06-10
kasama dho,mulenga,2009-06-10
kasama dho,mulobola,2009-06-06
kasama dho,mumbi mfumu,0-06-14
kasama dho,musa,2009-06-09
kasama dho,mwamba,2009-06-03
kasama dho,nkolemfumu,2009-06-12
kasama dho,tazara,2009-06-04
kasama dho,zns chishimba,9-06-15
kasama dho,army,9-07-07
kasama dho,chanda mukulu,9-07-04
kasama dho,chilongoshi,9-07-10
kasama dho,chilubula,9-07-02
kasama dho,chiombo,9-07-01
kasama dho,chisanga,9-07-08
kasama dho,college,9-07-04
kasama dho,kasakula,9-07-01
kasama dho,kasama urban,9-07-02
kasama dho,kateshi,9-07-02
kasama dho,location,9-07-09
kasama dho,lubushi,9-07-04
kasama dho,lukashi,9-07-03
kasama dho,lukashya,9-07-03
kasama dho,lukupa,9-07-03
kasama dho,mbusa,9-07-01
kasama dho,milima,9-07-02
kasama dho,misamfu,9-07-03
kasama dho,misengo,9-07-04
kasama dho,munkonge,9-07-03
kasama dho,mulanshi,9-07-07
kasama dho,mulenga,9-07-04
kasama dho,mulobola,9-07-01
kasama dho,mumbi mfumu,9-07-02
kasama dho,mumbi mukulu,9-07-02
kasama dho,musa,9-07-03
kasama dho,mwamba,9-07-01
kasama dho,mwasha,9-07-12
kasama dho,nkolemfumu,9-07-12
kasama dho,tazara,9-07-08
kasama dho,zns chishimba,9-07-08
kasama dho,army,2009-08-07
kasama dho,chanda mukulu,2009-08-04
kasama dho,chilongoshi,2009-08-10
kasama dho,chilubula,2009-08-04
kasama dho,chiombo,2009-08-06
kasama dho,chisanga,2009-08-10
kasama dho,college,2009-08-07
kasama dho,kasakula,2009-08-06
kasama dho,kasama urban,2009-08-07
kasama dho,kateshi,2009-08-04
kasama dho,location,2009-08-10
kasama dho,lubushi,2009-08-04
kasama dho,lukashi,2009-08-10
kasama dho,lukashya,2009-08-11
kasama dho,lukupa,2009-08-07
kasama dho,mbusa,2009-08-10
kasama dho,milima,2009-08-04
kasama dho,misamfu,2009-08-04
kasama dho,misengo,2009-08-04
kasama dho,munkonge,2009-08-02
kasama dho,mulanshi,2009-08-07
kasama dho,mulenga,2009-08-06
kasama dho,mulobola,2009-08-10
kasama dho,mumbi mfumu,2009-08-06
kasama dho,mumbi mukulu,2009-08-02
kasama dho,mwamba,2009-08-10
kasama dho,mwasha,2009-08-10
kasama dho,nkolemfumu,2009-08-06
kasama dho,tazara,2009-08-06
kasama dho,zns chishimba,9-07-31
kasama dho,army,2009-09-09
kasama dho,chanda mukulu,2009-09-07
kasama dho,chilongoshi,2009-09-12
kasama dho,chilubula,2009-09-07
kasama dho,chiombo,2009-09-02
kasama dho,chisanga,2009-09-10
kasama dho,college,2009-09-07
kasama dho,kasakula,2009-09-07
kasama dho,kasama urban,2009-09-02
kasama dho,kateshi,2009-09-01
kasama dho,location,2009-09-05
kasama dho,lubushi,2009-09-03
kasama dho,lukashi,2009-09-02
kasama dho,lukashya,9-09-18
kasama dho,lukupa,2009-09-01
kasama dho,mbusa,9-09-22
kasama dho,milima,9-09-21
kasama dho,misamfu,2009-09-03
kasama dho,misengo,2009-09-07
kasama dho,munkonge,2009-09-07
kasama dho,mulanshi,9-09-21
kasama dho,mulenga,2009-09-10
kasama dho,mulobola,2009-09-07
kasama dho,mumbi mfumu,2009-09-02
kasama dho,mumbi mukulu,9-09-21
kasama dho,musa,2009-09-07
kasama dho,mwamba,2009-09-05
kasama dho,nkolemfumu,2009-09-04
kasama dho,tazara,2009-09-07
kasama dho,zns chishimba,2009-09-02
kasama dho,army,2009-10-07
kasama dho,chanda mukulu,2009-10-05
kasama dho,chilongoshi,2009-10-12
kasama dho,chilubula,2009-10-06
kasama dho,chiombo,2009-10-05
kasama dho,chisanga,2009-10-08
kasama dho,college,2009-10-05
kasama dho,kasakula,2009-10-05
kasama dho,kasama urban,2009-10-09
kasama dho,kateshi,2009-10-05
kasama dho,location,2009-10-05
kasama dho,lubushi,2009-10-05
kasama dho,lukashi,2009-10-05
kasama dho,lukashya,2009-10-08
kasama dho,lukupa,2009-10-06
kasama dho,mbusa,2009-10-12
kasama dho,milima,2009-10-06
kasama dho,misamfu,2009-10-05
kasama dho,misengo,2009-10-05
kasama dho,munkonge,9-10-15
kasama dho,mulanshi,2009-10-05
kasama dho,mulenga,2009-10-09
kasama dho,mulobola,2009-10-05
kasama dho,mumbi mfumu,2009-10-05
kasama dho,mumbi mukulu,2009-10-05
kasama dho,musa,2009-10-05
kasama dho,mwamba,2009-10-07
kasama dho,nkolemfumu,2010-10-05
kasama dho,tazara,2009-10-05
kasama dho,zns chishimba,2009-10-01
kasama dho,army,2009-11-09
kasama dho,chanda mukulu,2009-11-04
kasama dho,chilongoshi,2009-11-06
kasama dho,chilubula,2009-11-03
kasama dho,chiombo,2009-11-05
kasama dho,chisanga,2009-11-06
kasama dho,college,2009-11-04
kasama dho,kasakula,2009-11-06
kasama dho,kasama urban,2009-11-05
kasama dho,kateshi,2009-11-06
kasama dho,location,2009-11-05
kasama dho,lubushi,2009-11-02
kasama dho,lukashi,9-11-21
kasama dho,lukashya,2009-11-03
kasama dho,lukupa,2009-11-04
kasama dho,mbusa,2009-11-12
kasama dho,milima,2009-11-04
kasama dho,misamfu,2009-11-04
kasama dho,misengo,2009-11-05
kasama dho,munkonge,9-11-19
kasama dho,mulanshi,2009-11-05
kasama dho,mulenga,2009-11-03
kasama dho,mulobola,2009-11-04
kasama dho,mumbi mfumu,2009-11-05
kasama dho,mumbi mukulu,2009-11-12
kasama dho,musa,2009-11-02
kasama dho,mwamba,2009-11-11
kasama dho,nkolemfumu,2009-11-04
kasama dho,tazara,2009-11-05
kasama dho,zns chishimba,2009-11-02
kasama dho,army,2009-12-03
kasama dho,chanda mukulu,2009-12-05
kasama dho,chilongoshi,9-12-14
kasama dho,chilubula,2009-12-05
kasama dho,chiombo,9-12-17
kasama dho,chisanga,2009-12-10
kasama dho,college,2009-12-07
kasama dho,kasakula,2009-12-10
kasama dho,kasama urban,9-12-14
kasama dho,kateshi,2009-12-04
kasama dho,location,2009-12-09
kasama dho,lubushi,2009-12-09
kasama dho,lukashi,9-12-15
kasama dho,lukashya,9-12-15
kasama dho,lukupa,2009-12-07
kasama dho,mbusa,2009-12-08
kasama dho,milima,2009-12-03
kasama dho,misamfu,2009-12-04
kasama dho,misengo,2009-12-09
kasama dho,munkonge,9-12-14
kasama dho,mulanshi,2009-12-05
kasama dho,mulenga,2009-12-03
kasama dho,mulobola,2009-12-07
kasama dho,mumbi mfumu,2009-12-02
kasama dho,mumbi mukulu,2009-12-08
kasama dho,musa,2009-12-07
kasama dho,mwamba,2009-12-09
kasama dho,nkolemfumu,2009-12-09
kasama dho,tazara,2009-12-11
kasama dho,zns chishimba,2009-12-04
kasama dho,army,2010-01-08
kasama dho,chanda mukulu,2010-01-01
kasama dho,chilongoshi,2010-01-06
kasama dho,chilubula,2010-01-05
kasama dho,chiombo,2010-01-05
kasama dho,chisanga,2010-01-05
kasama dho,college,2010-01-02
kasama dho,kasakula,2010-01-06
kasama dho,kasama urban,2010-01-08
kasama dho,kateshi,2010-01-04
kasama dho,location,2010-01-08
kasama dho,lubushi,2010-01-04
kasama dho,lukashi,2010-01-18
kasama dho,lukashya,2010-01-06
kasama dho,lukupa,2010-01-04
kasama dho,mbusa,2010-01-20
kasama dho,milima,2010-01-20
kasama dho,misamfu,2010-01-04
kasama dho,misengo,2010-01-04
kasama dho,munkonge,2010-01-20
kasama dho,mulanshi,2010-01-04
kasama dho,mulenga,2010-01-04
kasama dho,mulobola,2010-01-04
kasama dho,mumbi mfumu,2010-01-11
kasama dho,mumbi mukulu,2010-01-20
kasama dho,musa,2010-01-06
kasama dho,mwamba,2010-01-04
kasama dho,nkolemfumu,2010-01-06
kasama dho,tazara,2010-01-11
kasama dho,zns chishimba,2010-01-05
kasama dho,army,2010-02-12
kasama dho,chanda mukulu,2010-02-01
kasama dho,chilongoshi,2010-02-05
kasama dho,chilubula,2010-02-05
kasama dho,chiombo,2010-02-05
kasama dho,chisanga,2010-02-05
kasama dho,college,2010-02-02
kasama dho,kasakula,2010-02-12
kasama dho,kasama urban,2010-02-05
kasama dho,kateshi,2010-02-04
kasama dho,location,2010-02-14
kasama dho,lubushi,2010-02-04
kasama dho,lukashi,2010-02-05
kasama dho,lukashya,2010-02-05
kasama dho,lukupa,2010-02-04
kasama dho,mbusa,2010-02-03
kasama dho,milima,2010-02-14
kasama dho,misamfu,2010-02-04
kasama dho,misengo,2010-02-04
kasama dho,munkonge,2010-02-03
kasama dho,mulanshi,2010-02-04
kasama dho,mulenga,2010-02-04
kasama dho,mulobola,2010-02-04
kasama dho,mumbi mfumu,2010-02-05
kasama dho,mumbi mukulu,2010-02-05
kasama dho,musa,2010-02-11
kasama dho,mwamba,2010-01-04
kasama dho,nkolemfumu,2010-02-10
kasama dho,tazara,2010-02-11
kasama dho,zns chishimba,2010-01-05
kasama dho,army,2010-03-12
kasama dho,chanda mukulu,2010-03-01
kasama dho,chilongoshi,2010-03-05
kasama dho,chilubula,2010-03-05
kasama dho,chiombo,2010-03-05
kasama dho,chisanga,2010-03-05
kasama dho,college,2010-03-02
kasama dho,kasakula,2010-03-12
kasama dho,kasama urban,2010-03-05
kasama dho,kateshi,2010-03-04
kasama dho,location,2010-03-14
kasama dho,lubushi,2010-03-04
kasama dho,lukashi,2010-03-05
kasama dho,lukashya,2010-03-05
kasama dho,lukupa,2010-03-04
kasama dho,mbusa,2010-03-03
kasama dho,milima,2010-03-14
kasama dho,misamfu,2010-03-04
kasama dho,misengo,2010-03-04
kasama dho,munkonge,2010-03-03
kasama dho,mulanshi,2010-03-04
kasama dho,mulenga,2010-03-04
kasama dho,mulobola,2010-03-04
kasama dho,mumbi mfumu,2010-03-05
kasama dho,mumbi mukulu,2010-03-05
kasama dho,musa,2010-03-11
kasama dho,mwamba,2010-03-04
kasama dho,nkolemfumu,2010-03-10
kasama dho,tazara,2010-03-11
kasama dho,zns chishimba,2010-03-05
kasama dho,army,2010-04-02
kasama dho,chanda mukulu,2010-04-07
kasama dho,chilongoshi,2010-04-06
kasama dho,chilubula,2010-04-06
kasama dho,chiombo,2010-04-06
kasama dho,chisanga,2010-04-06
kasama dho,college,2010-04-07
kasama dho,kasakula,2010-04-09
kasama dho,kasama urban,2010-04-07
kasama dho,kateshi,2010-04-07
kasama dho,location,2010-04-07
kasama dho,lubushi,2010-04-04
kasama dho,lukashi,2010-04-16
kasama dho,lukashya,2010-04-06
kasama dho,lukupa,2010-04-06
kasama dho,mbusa,2010-04-07
kasama dho,milima,2010-04-07
kasama dho,misamfu,2010-04-06
kasama dho,misengo,2010-04-06
kasama dho,munkonge,2010-04-02
kasama dho,mulanshi,2010-04-08
kasama dho,mulenga,2010-04-02
kasama dho,mulobola,2010-04-08
kasama dho,mumbi mfumu,2010-04-07
kasama dho,mumbi mukulu,2010-04-07
kasama dho,musa,2010-04-10
kasama dho,mwamba,2010-04-10
kasama dho,nkolemfumu,2010-04-06
kasama dho,tazara,2010-04-09
kasama dho,zns chishimba,2010-04-02
milenge dho,kapalala,2009-05-07
milenge dho,chibende,2009-05-07
milenge dho,kabange,2009-05-08
milenge dho,mulumbi,2009-05-08
milenge dho,lwela,2009-05-08
milenge dho,milenge east 7,2009-06-03
milenge dho,lungo mukuta,2009-06-04
milenge dho,sokontwe,2009-06-08
milenge dho,kapalala,2009-06-08
milenge dho,lwela,2009-06-08
milenge dho,chibende,2009-06-08
milenge dho,mulumbi,2009-06-11
milenge dho,kabange,2009-06-11
milenge dho,milenge east 7,2009-07-01
milenge dho,sokontwe,2009-07-01
milenge dho,kabange,2009-07-01
milenge dho,kapalala,2009-07-01
milenge dho,chibende,2009-07-01
milenge dho,lungo mukuta,2009-07-01
milenge dho,lwela,2009-07-02
milenge dho,mulumbi,2009-07-03
milenge dho,lungo mukuta,2009-08-01
milenge dho,milenge east 7,2009-08-01
milenge dho,kabange,2009-08-04
milenge dho,mulumbi,2009-08-04
milenge dho,lwela,2009-08-04
milenge dho,chibende,2009-08-04
milenge dho,sokontwe,2009-08-05
milenge dho,kapalala,2009-08-06
milenge dho,milenge east 7,2009-09-01
milenge dho,kapalala,2009-09-02
milenge dho,mulumbi,2009-09-07
milenge dho,kabange,2009-09-07
milenge dho,chibende,2009-09-07
milenge dho,lwela,2009-09-07
milenge dho,lungo mukuta,2009-09-08
milenge dho,sokontwe,2009-09-08
milenge dho,lwela,2009-10-02
milenge dho,lungo mukuta,2009-10-04
milenge dho,sokontwe,2009-10-06
milenge dho,milenge east 7,2009-10-07
milenge dho,kapalala,2009-10-08
milenge dho,lungo mukuta,2009-11-02
milenge dho,kapalala,2009-11-03
milenge dho,sokontwe,2009-11-03
milenge dho,milenge east 7,2009-11-04
milenge dho,lwela,2009-11-05
milenge dho,mulumbi,2009-11-05
milenge dho,chibende,2009-11-05
milenge dho,kabange,2009-11-05
milenge dho,milenge east 7,2009-12-03
milenge dho,sokontwe,2009-11-04
milenge dho,kapalala,2009-12-05
milenge dho,lwela,2009-12-06
milenge dho,chibende,2009-12-06
milenge dho,kabange,2009-12-06
milenge dho,lungo mukuta,2009-12-06
milenge dho,mulumbi,2009-12-07
milenge dho,milenge east 7,2010-01-01
milenge dho,lwela,2010-01-02
milenge dho,sokontwe,2010-01-05
milenge dho,lungo mukuta,2010-01-05
milenge dho,mulumbi,2010-01-05
milenge dho,chibende,2010-01-05
milenge dho,kabange,2010-01-05
milenge dho,kapalala,2010-01-07
milenge dho,lwela,2010-02-01
milenge dho,milenge east 7,2010-02-01
milenge dho,kapalala,2010-02-01
milenge dho,lungo mukuta,2010-02-02
milenge dho,sokontwe,2010-02-02
milenge dho,mulumbi,2010-02-02
milenge dho,chibende,2010-02-02
milenge dho,kabange,2010-02-02
milenge dho,lungo mukuta,2010-03-02
milenge dho,milenge east 7,2010-03-03
milenge dho,lwela,2010-03-04
milenge dho,chibende,2010-03-04
milenge dho,kabange,2010-03-04
milenge dho,mulumbi,2010-03-04
milenge dho,kapalala,2010-03-05
milenge dho,sokontwe,2010-03-07
milenge dho,milenge east 7,2010-04-01
milenge dho,lungo mukuta,2010-04-02
milenge dho,lwela,2010-04-03
milenge dho,chibende,2010-04-03
milenge dho,sokontwe,2010-04-05
milenge dho,kabange,2010-04-07
milenge dho,lungo mukuta,2010-05-01
milenge dho,milenge east 7,2010-05-01
milenge dho,lwela,2010-05-03
milenge dho,kabange,2010-05-03
milenge dho,chibende,2010-05-03
milenge dho,mulumbi,2010-05-03
milenge dho,kapalala,2010-05-05
milenge dho,sokontwe,2010-05-05
mkushi dho,chalata,2009-06-05
mkushi dho,chibefwe,2009-06-08
mkushi dho,chikupili,2009-06-04
mkushi dho,chimika,2009-06-08
mkushi dho,chingombe,9-06-22
mkushi dho,fiwila mission,2009-06-10
mkushi dho,kakushi,2009-06-03
mkushi dho,kampelembe,2009-06-09
mkushi dho,kaundula,9-06-05
mkushi dho,luanshimba,2009-06-04
mkushi dho,masansa,2009-06-05
mkushi dho,mboroma,9-06-19
mkushi dho,miloso,2009-06-04
mkushi dho,mkushi coppermine,2009-06-04
mkushi dho,munsakamba,2009-06-08
mkushi dho,musofu,2009-06-05
mkushi dho,nkolonga,2009-06-03
mkushi dho,nkumbi,2009-06-05
mkushi dho,nshinso,2009-06-03
mkushi dho,old mkushi,2009-06-10
mkushi dho,twatasha,9-06-24
mkushi dho,chalata,2009-07-03
mkushi dho,chibefwe,2009-07-07
mkushi dho,chikupili,2009-07-08
mkushi dho,chimika,9-07-13
mkushi dho,chingombe,9-07-13
mkushi dho,fiwila mission,2009-07-03
mkushi dho,kakushi,2009-07-03
mkushi dho,kampelembe,2009-07-02
mkushi dho,kaundula,2009-07-03
mkushi dho,luanshimba,2009-07-01
mkushi dho,masansa,2009-07-08
mkushi dho,miloso,2009-07-03
mkushi dho,mkushi coppermine,2009-07-08
mkushi dho,munsakamba,2009-07-08
mkushi dho,musofu,2009-07-03
mkushi dho,nkolonga,2009-07-03
mkushi dho,nkumbi,2009-07-06
mkushi dho,nshinso,2009-07-08
mkushi dho,old mkushi,2009-07-03
mkushi dho,twatasha,2009-07-08
mkushi dho,chalata,2009-08-04
mkushi dho,chibefwe,2009-08-05
mkushi dho,chikupili,2009-08-05
mkushi dho,fiwila mission,2009-08-04
mkushi dho,kakushi,2009-08-05
mkushi dho,kampelembe,9-08-31
mkushi dho,kaundula,2009-08-04
mkushi dho,luanshimba,2009-08-04
mkushi dho,masansa,2009-08-06
mkushi dho,mboroma,2009-08-05
mkushi dho,miloso,2009-08-04
mkushi dho,mkushi coppermine,2009-08-06
mkushi dho,munsakamba,2009-08-05
mkushi dho,musofu,2009-08-05
mkushi dho,nkolonga,2009-08-04
mkushi dho,nkumbi,2009-08-04
mkushi dho,nshinso,2009-08-07
mkushi dho,old mkushi,2009-08-05
mkushi dho,twatasha,2009-08-05
mkushi dho,chengelo,2009-08-04
mkushi dho,moffat,2009-08-04
mkushi dho,chalata,2009-09-04
mkushi dho,chengelo,2009-09-03
mkushi dho,chembe,2009-09-04
mkushi dho,chibefwe,2009-09-04
mkushi dho,chikupili,2009-09-02
mkushi dho,fiwila mission,2009-09-04
mkushi dho,kakushi,2009-09-01
mkushi dho,kampelembe,2009-09-04
mkushi dho,kaundula,9-08-31
mkushi dho,luanshimba,2009-09-04
mkushi dho,masansa,2009-09-03
mkushi dho,miloso,2009-09-03
mkushi dho,mkushi coppermine,2009-09-04
mkushi dho,munsakamba,2009-09-04
mkushi dho,musofu,2009-09-04
mkushi dho,nkolonga,2009-09-07
mkushi dho,nkumbi,2009-09-02
mkushi dho,nshinso,2009-09-03
mkushi dho,old mkushi,2009-09-04
mkushi dho,twatasha,2009-09-03
mkushi dho,chalata,2009-10-05
mkushi dho,chengelo,2009-10-05
mkushi dho,chembe,2009-10-02
mkushi dho,chibefwe,2009-10-07
mkushi dho,chikupili,2009-10-02
mkushi dho,chimika,2009-10-06
mkushi dho,fiwila mission,2009-10-05
mkushi dho,kakushi,2009-10-05
mkushi dho,kampelembe,2009-10-02
mkushi dho,kaundula,2009-10-02
mkushi dho,luanshimba,2009-10-05
mkushi dho,masansa,2009-10-02
mkushi dho,mboroma,2009-10-02
mkushi dho,mboshya,9-10-13
mkushi dho,miloso,2009-10-01
mkushi dho,mkushi coppermine,2009-10-05
mkushi dho,moffat,2009-10-08
mkushi dho,munsakamba,2009-10-05
mkushi dho,musofu,2009-10-05
mkushi dho,nkolonga,2009-10-07
mkushi dho,nkumbi,2009-10-07
mkushi dho,nshinso,2009-10-05
mkushi dho,old mkushi,2009-10-05
mkushi dho,chalata,2009-11-03
mkushi dho,chengelo,2009-11-05
mkushi dho,chembe,2009-11-09
mkushi dho,chibefwe,2009-11-05
mkushi dho,chikupili,2009-11-09
mkushi dho,fiwila mission,2009-11-04
mkushi dho,kakushi,2009-11-04
mkushi dho,kampelembe,2009-11-02
mkushi dho,kaundula,2009-11-05
mkushi dho,luanshimba,2009-11-02
mkushi dho,masansa,2009-11-04
mkushi dho,mboshya,2009-11-10
mkushi dho,miloso,2009-11-02
mkushi dho,mkushi coppermine,2009-11-03
mkushi dho,moffat,2009-11-04
mkushi dho,munsakamba,2009-10-05
mkushi dho,musofu,2009-11-02
mkushi dho,nkolonga,2009-11-04
mkushi dho,nkumbi,2009-11-09
mkushi dho,nshinso,2009-11-03
mkushi dho,old mkushi,2009-11-05
mkushi dho,twatasha,2009-11-04
mkushi dho,chengelo,2009-11-04
mkushi dho,chingombe,9-11-30
mkushi dho,fiwila mission,2009-11-04
mkushi dho,kakushi,2009-12-07
mkushi dho,kampelembe,2009-11-30
mkushi dho,kaundula,2009-12-07
mkushi dho,masansa,2009-12-07
mkushi dho,miloso,2009-12-07
mkushi dho,moffat,2009-11-04
mkushi dho,nkumbi,2009-11-05
mkushi dho,nshinso,2009-11-03
mkushi dho,old mkushi,2009-12-07
mkushi dho,chalata,2010-01-04
mkushi dho,chibefwe,2010-01-08
mkushi dho,chikupili,2010-01-05
mkushi dho,kakushi,2010-01-08
mkushi dho,kampelembe,2010-01-05
mkushi dho,kaundula,2010-01-05
mkushi dho,masansa,2010-01-04
mkushi dho,miloso,2010-01-05
mkushi dho,moffat,2010-01-04
mkushi dho,munsakamba,2010-01-05
mkushi dho,nkolonga,2010-01-05
mkushi dho,nkumbi,2010-01-05
mkushi dho,old mkushi,2010-01-08
mkushi dho,twatasha,2010-01-04
mkushi dho,chalata,2010-02-03
mkushi dho,chengelo,2010-02-03
mkushi dho,chibefwe,2010-02-03
mkushi dho,chikupili,2010-02-02
mkushi dho,fiwila mission,2010-02-04
mkushi dho,kakushi,2010-02-02
mkushi dho,kampelembe,2010-02-02
mkushi dho,kaundula,2010-02-05
mkushi dho,luanshimba,2010-02-04
mkushi dho,masansa,2010-02-04
mkushi dho,mboroma,2010-02-05
mkushi dho,miloso,2010-02-03
mkushi dho,mkushi coppermine,2010-02-04
mkushi dho,moffat,2010-02-05
mkushi dho,munsakamba,2010-02-03
mkushi dho,musofu,2010-02-02
mkushi dho,nkolonga,2010-02-04
mkushi dho,nkumbi,2010-02-05
mkushi dho,nshinso,2010-02-05
mkushi dho,old mkushi,2010-02-04
mkushi dho,twatasha,2010-02-03
mkushi dho,chalata,2010-03-04
mkushi dho,chengelo,2010-03-04
mkushi dho,chibefwe,2010-03-02
mkushi dho,chikupili,2010-03-03
mkushi dho,chingombe,2010-03-05
mkushi dho,fiwila mission,2010-03-05
mkushi dho,kakushi,2010-03-04
mkushi dho,kampelembe,2010-03-03
mkushi dho,kaundula,2010-03-02
mkushi dho,luanshimba,2010-03-03
mkushi dho,masansa,2010-03-03
mkushi dho,mboroma,2010-03-05
mkushi dho,miloso,2010-03-03
mkushi dho,mkushi coppermine,2010-03-04
mkushi dho,moffat,2010-03-09
mkushi dho,munsakamba,2010-03-04
mkushi dho,musofu,2010-03-04
mkushi dho,nkolonga,2010-03-05
mkushi dho,nkumbi,2010-03-04
mkushi dho,nshinso,2010-03-04
mkushi dho,twatasha,2010-03-03
mkushi dho,chalata,2010-04-08
mkushi dho,chengelo,2010-04-06
mkushi dho,chibefwe,2010-04-07
mkushi dho,chikupili,2010-04-07
mkushi dho,fiwila mission,2010-04-07
mkushi dho,kakushi,10-03-31
mkushi dho,kampelembe,2010-04-07
mkushi dho,kaundula,2010-04-07
mkushi dho,luanshimba,2010-04-07
mkushi dho,masansa,2010-04-07
mkushi dho,mboshya,2010-04-07
mkushi dho,miloso,2010-04-06
mkushi dho,mkushi coppermine,10-03-31
mkushi dho,moffat,10-03-31
mkushi dho,munsakamba,2010-04-08
mkushi dho,musofu,10-03-31
mkushi dho,nkolonga,2010-04-09
mkushi dho,nkumbi,2010-04-07
mkushi dho,nshinso,2010-04-08
mkushi dho,twatasha,10-03-31
mkushi dho,chalata,2010-05-04
mkushi dho,chibefwe,2010-05-05
mkushi dho,chikupili,2010-05-04
mkushi dho,fiwila mission,2010-05-03
mkushi dho,kakushi,2010-05-04
mkushi dho,kampelembe,2010-05-05
mkushi dho,kaundula,2010-05-03
mkushi dho,luanshimba,2010-05-05
mkushi dho,masansa,2010-05-05
mkushi dho,mboroma,2010-05-03
mkushi dho,miloso,2010-05-03
mkushi dho,mkushi coppermine,2010-05-04
mkushi dho,moffat,2010-05-03
mkushi dho,munsakamba,2010-05-05
mkushi dho,musofu,2010-05-05
mkushi dho,nkolonga,2010-05-05
mkushi dho,nkumbi,2010-05-05
mkushi dho,nshinso,2010-05-05
mkushi dho,old mkushi,2010-05-03
mkushi dho,twatasha,2010-05-04
mufumbwe dho,miluji,2009-09-09
mufumbwe dho,jivundu,2009-09-09
mufumbwe dho,matushi,2009-09-01
mufumbwe dho,kalengwa,2009-09-03
mufumbwe dho,kabipupu,2009-09-03
mufumbwe dho,mushima,2009-09-01
mufumbwe dho,boma,2009-09-03
mufumbwe dho,kashima,2009-09-07
mufumbwe dho,lubilo,2009-09-02
mufumbwe dho,kaminzekenzeke,2009-09-10
mufumbwe dho,kabanda,2009-09-07
mufumbwe dho,munyambala,2009-09-08
mufumbwe dho,kinkonge,2009-09-08
mufumbwe dho,mufumbwe,2009-09-02
mufumbwe dho,miluji,2009-10-15
mufumbwe dho,jivundu,2009-10-12
mufumbwe dho,matushi,2009-10-05
mufumbwe dho,kalengwa,2009-10-05
mufumbwe dho,kabipupu,2009-10-05
mufumbwe dho,mushima,2009-10-01
mufumbwe dho,boma,2009-10-05
mufumbwe dho,kashima,2009-10-05
mufumbwe dho,lubilo,2009-10-05
mufumbwe dho,kaminzekenzeke,2009-10-05
mufumbwe dho,kabanda,2009-10-05
mufumbwe dho,munyambala,2009-10-07
mufumbwe dho,kinkonge,2009-10-06
mufumbwe dho,mufumbwe,2009-10-01
mufumbwe dho,miluji,2009-11-07
mufumbwe dho,jivundu,2009-11-04
mufumbwe dho,matushi,2009-11-01
mufumbwe dho,kalengwa,2009-11-04
mufumbwe dho,kabipupu,2009-11-04
mufumbwe dho,mushima,2009-11-01
mufumbwe dho,boma,2009-11-05
mufumbwe dho,kashima,2009-11-03
mufumbwe dho,lubilo,2009-11-02
mufumbwe dho,kaminzekenzeke,2009-11-05
mufumbwe dho,kabanda,2009-11-05
mufumbwe dho,munyambala,2009-11-03
mufumbwe dho,kinkonge,2009-11-04
mufumbwe dho,mufumbwe,2009-11-01
mufumbwe dho,miluji,2009-12-08
mufumbwe dho,jivundu,2009-12-04
mufumbwe dho,matushi,2009-12-03
mufumbwe dho,kalengwa,2009-12-05
mufumbwe dho,kabipupu,2009-12-05
mufumbwe dho,mushima,2009-12-05
mufumbwe dho,boma,2009-12-02
mufumbwe dho,kashima,2009-12-04
mufumbwe dho,lubilo,2009-12-03
mufumbwe dho,kaminzekenzeke,2009-12-05
mufumbwe dho,kabanda,2009-12-05
mufumbwe dho,munyambala,2009-12-02
mufumbwe dho,kinkonge,2009-12-03
mufumbwe dho,mufumbwe,2009-12-02
mufumbwe dho,jivundu,2010-01-07
mufumbwe dho,matushi,2010-01-02
mufumbwe dho,kalengwa,2010-01-04
mufumbwe dho,kabipupu,2009-01-08
mufumbwe dho,mushima,2010-01-01
mufumbwe dho,boma,2010-01-05
mufumbwe dho,kashima,2010-01-04
mufumbwe dho,lubilo,2010-01-02
mufumbwe dho,kaminzekenzeke,2010-01-05
mufumbwe dho,kabanda,2010-01-02
mufumbwe dho,munyambala,2010-01-02
mufumbwe dho,kinkonge,2010-01-04
mufumbwe dho,mufumbwe,2010-01-01
mufumbwe dho,jivundu,2010-02-04
mufumbwe dho,matushi,2010-02-02
mufumbwe dho,kalengwa,2010-02-01
mufumbwe dho,kabipupu,2009-02-01
mufumbwe dho,mushima,2010-02-02
mufumbwe dho,boma,2010-02-12
mufumbwe dho,kashima,2010-02-02
mufumbwe dho,lubilo,2010-02-02
mufumbwe dho,kaminzekenzeke,2010-02-01
mufumbwe dho,kabanda,2010-02-02
mufumbwe dho,munyambala,2010-02-01
mufumbwe dho,kinkonge,2010-02-03
mufumbwe dho,mufumbwe,2010-02-01
mufumbwe dho,jivundu,2010-03-05
mufumbwe dho,matushi,2010-03-05
mufumbwe dho,kalengwa,2010-03-03
mufumbwe dho,kabipupu,2009-03-09
mufumbwe dho,mushima,2010-03-03
mufumbwe dho,boma,2010-03-10
mufumbwe dho,kashima,2010-03-05
mufumbwe dho,lubilo,2010-03-02
mufumbwe dho,kaminzekenzeke,2010-03-02
mufumbwe dho,kabanda,2010-02-04
mufumbwe dho,munyambala,2010-03-02
mufumbwe dho,kinkonge,2010-03-03
mufumbwe dho,mufumbwe,2010-03-03
mufumbwe dho,miluji,2010-04-24
mufumbwe dho,matushi,2010-04-05
mufumbwe dho,kalengwa,2010-04-08
mufumbwe dho,kabipupu,2009-04-08
mufumbwe dho,mushima,2010-04-01
mufumbwe dho,boma,2010-04-07
mufumbwe dho,kashima,2010-04-01
mufumbwe dho,lubilo,2010-04-02
mufumbwe dho,kaminzekenzeke,2010-04-02
mufumbwe dho,kabanda,2010-04-04
mufumbwe dho,munyambala,2010-04-05
mufumbwe dho,kinkonge,2010-04-04
mufumbwe dho,mufumbwe,2010-04-01
mungwi dho,nseluka,9-05-18
mungwi dho,mungwi baptist,9-05-18
mungwi dho,ngoli,9-05-21
mungwi dho,rosa,9-05-19
mungwi dho,chimba,9-05-19
mungwi dho,chitimukulu,9-05-20
mungwi dho,makasa,9-05-20
mungwi dho,kalulu,9-05-20
mungwi dho,kayambi mission,9-05-20
mungwi dho,peleti,9-05-20
mungwi dho,malole,9-05-18
mungwi dho,kapolyo,9-05-13
mungwi dho,ndasa,9-05-13
mungwi dho,mumba,9-05-20
mungwi dho,nseluka,2009-06-04
mungwi dho,mungwi baptist,2009-06-04
mungwi dho,ngoli,2009-06-09
mungwi dho,rosa,2009-06-03
mungwi dho,chimba,2009-06-04
mungwi dho,chitimukulu,2009-06-03
mungwi dho,makasa,2009-06-04
mungwi dho,kalulu,2009-06-02
mungwi dho,kayambi mission,2009-06-04
mungwi dho,peleti,2009-06-09
mungwi dho,malole,2009-06-05
mungwi dho,kapolyo,2009-06-04
mungwi dho,ndasa,2009-06-04
mungwi dho,mumba,9-06-22
mungwi dho,kapolyo,2009-07-01
mungwi dho,ngoli,2009-07-02
mungwi dho,mungwi baptist,2009-07-03
mungwi dho,nseluka,2009-07-03
mungwi dho,kalulu,2009-07-03
mungwi dho,chitimukulu,2009-07-06
mungwi dho,makasa,2009-07-06
mungwi dho,mumba,2009-07-06
mungwi dho,rosa,2009-07-06
mungwi dho,peleti,2009-07-06
mungwi dho,malole,2009-07-06
mungwi dho,ndasa,2009-07-06
mungwi dho,chimba,2009-07-09
mungwi dho,kayambi mission,2009-07-10
mungwi dho,chimba,2009-08-01
mungwi dho,peleti,2009-08-03
mungwi dho,makasa,2009-08-03
mungwi dho,rosa,2009-08-05
mungwi dho,nseluka,2009-08-05
mungwi dho,chitimukulu,2009-08-05
mungwi dho,mungwi baptist,2009-08-05
mungwi dho,kalulu,2009-08-05
mungwi dho,kayambi mission,2009-08-05
mungwi dho,ngoli,2009-08-05
mungwi dho,malole,2009-08-05
mungwi dho,kapolyo,2009-08-05
mungwi dho,ndasa,2009-08-05
mungwi dho,mumba,2009-08-05
mungwi dho,rosa,2009-09-03
mungwi dho,chitimukulu,2009-09-04
mungwi dho,kayambi mission,2009-09-04
mungwi dho,mungwi baptist,2009-09-07
mungwi dho,kapolyo,2009-09-08
mungwi dho,peleti,2009-09-09
mungwi dho,makasa,2009-09-09
mungwi dho,kalulu,2009-09-09
mungwi dho,nseluka,2009-09-09
mungwi dho,malole,2009-09-09
mungwi dho,chimba,2009-09-09
mungwi dho,ndasa,2009-09-10
mungwi dho,mumba,2009-09-11
mungwi dho,ngoli,9-09-15
mungwi dho,kapolyo,2009-10-02
mungwi dho,mungwi baptist,2009-10-05
mungwi dho,chimba,2009-10-05
mungwi dho,rosa,2009-10-05
mungwi dho,makasa,2009-10-05
mungwi dho,chitimukulu,2009-10-06
mungwi dho,nseluka,2009-10-06
mungwi dho,ngoli,2009-10-07
mungwi dho,kayambi mission,2009-10-08
mungwi dho,peleti,2009-10-09
mungwi dho,malole,2009-10-09
mungwi dho,kalulu,2009-10-09
mungwi dho,ndasa,9-10-13
mungwi dho,mumba,9-10-13
mungwi dho,kapolyo,2009-11-03
mungwi dho,chimba,2009-11-03
mungwi dho,kayambi mission,2009-11-03
mungwi dho,rosa,2009-11-03
mungwi dho,ndasa,2009-11-04
mungwi dho,peleti,2009-11-04
mungwi dho,ngoli,2009-11-04
mungwi dho,mungwi baptist,2009-11-04
mungwi dho,makasa,2009-11-05
mungwi dho,chitimukulu,2009-11-05
mungwi dho,nseluka,2009-11-05
mungwi dho,malole,2009-11-06
mungwi dho,kalulu,2009-11-09
mungwi dho,mumba,2009-11-10
mungwi dho,kapolyo,2009-12-07
mungwi dho,chimba,2009-12-07
mungwi dho,rosa,2009-12-07
mungwi dho,mungwi baptist,2009-12-07
mungwi dho,kayambi mission,2009-12-08
mungwi dho,kalulu,2009-12-08
mungwi dho,makasa,2009-12-10
mungwi dho,nseluka,2009-12-10
mungwi dho,ngoli,2009-12-10
mungwi dho,peleti,2009-12-10
mungwi dho,malole,2009-12-10
mungwi dho,chitimukulu,2009-12-10
mungwi dho,ndasa,2009-12-10
mungwi dho,mumba,2009-12-10
mungwi dho,kapolyo,2010-01-04
mungwi dho,mungwi baptist,2010-01-04
mungwi dho,mumba,2010-01-04
mungwi dho,rosa,2010-01-04
mungwi dho,chimba,2010-01-04
mungwi dho,chitimukulu,2010-01-06
mungwi dho,malole,2010-01-06
mungwi dho,kayambi mission,2010-01-06
mungwi dho,nseluka,2010-01-07
mungwi dho,ngoli,2010-01-07
mungwi dho,makasa,2010-01-07
mungwi dho,kalulu,2010-01-08
mungwi dho,ndasa,2010-01-08
mungwi dho,peleti,2010-01-14
mungwi dho,mungwi baptist,2010-02-01
mungwi dho,malole,2010-02-03
mungwi dho,ngoli,2010-02-03
mungwi dho,kapolyo,2010-02-03
mungwi dho,chimba,2010-02-03
mungwi dho,chitimukulu,2010-02-04
mungwi dho,nseluka,2010-02-04
mungwi dho,kalulu,2010-02-05
mungwi dho,kayambi mission,2010-02-05
mungwi dho,peleti,2010-02-05
mungwi dho,rosa,2010-02-05
mungwi dho,makasa,2010-02-05
mungwi dho,ndasa,2010-02-05
mungwi dho,mumba,2010-02-05
mungwi dho,nseluka,2010-03-03
mungwi dho,kapolyo,2010-03-03
mungwi dho,peleti,2010-03-04
mungwi dho,mungwi baptist,2010-03-05
mungwi dho,chimba,2010-03-05
mungwi dho,chitimukulu,2010-03-05
mungwi dho,makasa,2010-03-05
mungwi dho,mumba,2010-03-05
mungwi dho,ngoli,2010-03-05
mungwi dho,malole,2010-03-05
mungwi dho,rosa,2010-03-11
mungwi dho,ndasa,2010-03-11
mungwi dho,kayambi mission,2010-03-11
mungwi dho,kalulu,2010-03-12
mungwi dho,nseluka,2010-04-01
mungwi dho,mungwi baptist,2010-04-01
mungwi dho,kapolyo,2010-04-01
mungwi dho,rosa,2010-04-01
mungwi dho,chimba,2010-04-01
mungwi dho,chitimukulu,2010-04-02
mungwi dho,ngoli,2010-04-02
mungwi dho,kalulu,2010-04-02
mungwi dho,kayambi mission,2010-04-02
mungwi dho,peleti,2010-04-05
mungwi dho,malole,2010-04-05
mungwi dho,makasa,2010-04-05
mungwi dho,ndasa,2010-04-05
mungwi dho,mumba,2010-04-05
mwinilunga dho,lumwana,2009-05-08
mwinilunga dho,kalene (kawota),2009-05-11
mwinilunga dho,katuyola,9-05-13
mwinilunga dho,nyangombe,9-05-13
mwinilunga dho,lwawu,9-05-14
mwinilunga dho,sailunga,9-05-16
mwinilunga dho,mukangala,9-05-16
mwinilunga dho,ikelenge,9-05-19
mwinilunga dho,musangila,9-05-19
mwinilunga dho,tom ilunga,9-05-20
mwinilunga dho,kafweku,9-05-20
mwinilunga dho,chiwoma,9-05-20
mwinilunga dho,kanyihampa,9-05-21
mwinilunga dho,jimbe,9-05-21
mwinilunga dho,kayipaka,9-05-21
mwinilunga dho,salujinga,9-05-21
mwinilunga dho,chisengi sengi,9-05-22
mwinilunga dho,kazozu,9-05-22
mwinilunga dho,kanyama,9-05-22
mwinilunga dho,kapundu,9-05-22
mwinilunga dho,kamapanda,9-05-22
mwinilunga dho,chibwika,9-05-22
mwinilunga dho,kakoma,9-05-28
mwinilunga dho,kanzenzi,2009-06-04
mwinilunga dho,katuyola,2009-06-04
mwinilunga dho,jimbe,2009-06-04
mwinilunga dho,chiwoma,2009-06-04
mwinilunga dho,nyangombe,2009-06-05
mwinilunga dho,ntambu sachitolu,2009-06-05
mwinilunga dho,mukangala,2009-06-05
mwinilunga dho,musangila,2009-06-05
mwinilunga dho,lumwana,2009-06-05
mwinilunga dho,tom ilunga,2009-06-08
mwinilunga dho,kanyihampa,2009-06-08
mwinilunga dho,kayipaka,2009-06-08
mwinilunga dho,lwawu,2009-06-08
mwinilunga dho,chibwika,2009-06-09
mwinilunga dho,kapundu,2009-06-09
mwinilunga dho,kanyama,2009-06-09
mwinilunga dho,kafweku,2009-06-11
mwinilunga dho,kamapanda,2009-06-11
mwinilunga dho,ikelenge,9-06-23
mwinilunga dho,salujinga,9-06-23
mwinilunga dho,sakapoti,9-06-23
mwinilunga dho,kalene (kawota),9-06-23
mwinilunga dho,kazozu,9-06-23
mwinilunga dho,chisengi sengi,9-06-24
mwinilunga dho,kakoma,9-06-24
mwinilunga dho,sailunga,9-06-24
mwinilunga dho,kapundu,2009-07-01
mwinilunga dho,mukangala,2009-07-01
mwinilunga dho,nyangombe,2009-07-02
mwinilunga dho,sachibondu,2009-07-02
mwinilunga dho,chibwika,2009-07-03
mwinilunga dho,sailunga,2009-07-03
mwinilunga dho,kanyihampa,2009-07-05
mwinilunga dho,ikelenge,2009-07-05
mwinilunga dho,kalene (kawota),2009-07-05
mwinilunga dho,lwawu,2009-07-06
mwinilunga dho,musangila,2009-07-06
mwinilunga dho,jimbe,2009-07-06
mwinilunga dho,katuyola,2009-07-07
mwinilunga dho,kazozu,2009-07-07
mwinilunga dho,chisengi sengi,2009-07-07
mwinilunga dho,kanyama,2009-07-07
mwinilunga dho,kakoma,2009-07-07
mwinilunga dho,ntambu sachitolu,2009-07-08
mwinilunga dho,kayipaka,2009-07-08
mwinilunga dho,chiwoma,2009-07-08
mwinilunga dho,kafweku,2009-07-09
mwinilunga dho,salujinga,2009-07-09
mwinilunga dho,tom ilunga,2009-07-09
mwinilunga dho,sakapoti,2009-07-10
mwinilunga dho,lumwana,2009-07-10
mwinilunga dho,kanzenzi,2009-07-10
mwinilunga dho,kamapanda,2009-07-10
mwinilunga dho,kapundu,2009-08-01
mwinilunga dho,sakapoti,2009-08-04
mwinilunga dho,kafweku,2009-08-04
mwinilunga dho,tom ilunga,2009-08-04
mwinilunga dho,kamapanda,2009-08-04
mwinilunga dho,jimbe,2009-08-04
mwinilunga dho,kanyihampa,2009-08-05
mwinilunga dho,chiwoma,2009-08-05
mwinilunga dho,musangila,2009-08-05
mwinilunga dho,katuyola,2009-08-05
mwinilunga dho,sailunga,2009-08-05
mwinilunga dho,lumwana,2009-08-05
mwinilunga dho,kanzenzi,2009-08-05
mwinilunga dho,ikelenge,2009-08-05
mwinilunga dho,kayipaka,2009-08-05
mwinilunga dho,nyangombe,2009-08-06
mwinilunga dho,mukangala,2009-08-06
mwinilunga dho,chibwika,2009-08-10
mwinilunga dho,chisengi sengi,2009-08-10
mwinilunga dho,kalene (kawota),2009-08-12
mwinilunga dho,kakoma,9-08-13
mwinilunga dho,lwawu,9-08-13
mwinilunga dho,salujinga,9-08-17
mwinilunga dho,kanyama,9-08-17
mwinilunga dho,kazozu,9-08-19
mwinilunga dho,ntambu sachitolu,9-08-19
mwinilunga dho,sachibondu,9-08-25
mwinilunga dho,kapundu,2009-09-01
mwinilunga dho,sakapoti,2009-09-01
mwinilunga dho,lumwana,2009-09-02
mwinilunga dho,sailunga,2009-09-03
mwinilunga dho,chisengi sengi,2009-09-03
mwinilunga dho,kanyihampa,2009-09-03
mwinilunga dho,kamapanda,2009-09-03
mwinilunga dho,nyangombe,2009-09-04
mwinilunga dho,kanzenzi,2009-09-04
mwinilunga dho,chibwika,2009-09-04
mwinilunga dho,chiwoma,2009-09-04
mwinilunga dho,musangila,2009-09-04
mwinilunga dho,kayipaka,2009-09-04
mwinilunga dho,katuyola,2009-09-07
mwinilunga dho,lwawu,2009-09-08
mwinilunga dho,ikelenge,2009-09-09
mwinilunga dho,kakoma,2009-09-09
mwinilunga dho,kanyama,2009-09-09
mwinilunga dho,kafweku,2009-09-09
mwinilunga dho,mukangala,2009-09-09
mwinilunga dho,jimbe,2009-09-10
mwinilunga dho,kazozu,2009-09-11
mwinilunga dho,tom ilunga,2009-09-11
mwinilunga dho,sachibondu,9-09-14
mwinilunga dho,salujinga,9-09-18
mwinilunga dho,kalene (kawota),9-09-23
mwinilunga dho,kapundu,2009-10-01
mwinilunga dho,chibwika,2009-10-02
mwinilunga dho,sailunga,2009-10-02
mwinilunga dho,sakapoti,2009-10-02
mwinilunga dho,kamapanda,2009-10-02
mwinilunga dho,kanyama,2009-10-04
mwinilunga dho,lumwana,2009-10-05
mwinilunga dho,chiwoma,2009-10-06
mwinilunga dho,ikelenge,2009-10-06
mwinilunga dho,nyangombe,2009-10-06
mwinilunga dho,kanzenzi,2009-10-06
mwinilunga dho,musangila,2009-10-06
mwinilunga dho,mukangala,2009-10-06
mwinilunga dho,kakoma,2009-10-06
mwinilunga dho,kafweku,2009-10-08
mwinilunga dho,jimbe,9-10-17
mwinilunga dho,kazozu,9-10-17
mwinilunga dho,tom ilunga,9-10-17
mwinilunga dho,kanyihampa,9-10-19
mwinilunga dho,kayipaka,9-09-20
mwinilunga dho,katuyola,9-10-21
mwinilunga dho,lwawu,9-10-23
mwinilunga dho,salujinga,9-10-24
mwinilunga dho,sachibondu,9-10-24
mwinilunga dho,chisengi sengi,9-10-24
mwinilunga dho,kalene (kawota),9-10-24
mwinilunga dho,kapundu,2009-11-03
mwinilunga dho,katuyola,2009-11-03
mwinilunga dho,nyangombe,2009-11-03
mwinilunga dho,tom ilunga,2009-11-03
mwinilunga dho,kanzenzi,2009-11-04
mwinilunga dho,chisengi sengi,2009-11-04
mwinilunga dho,mukangala,2009-11-04
mwinilunga dho,lumwana,2009-11-05
mwinilunga dho,kanyama,2009-11-05
mwinilunga dho,lwawu,2009-11-09
mwinilunga dho,kayipaka,2009-11-09
mwinilunga dho,kafweku,2009-11-09
mwinilunga dho,musangila,2009-11-09
mwinilunga dho,kanyihampa,2009-11-10
mwinilunga dho,ikelenge,2009-11-10
mwinilunga dho,sakapoti,2009-11-10
mwinilunga dho,chiwoma,2009-11-11
mwinilunga dho,kamapanda,2009-11-12
mwinilunga dho,chibwika,2009-11-12
mwinilunga dho,salujinga,9-11-13
mwinilunga dho,kazozu,9-11-17
mwinilunga dho,sachibondu,9-11-23
mwinilunga dho,jimbe,9-11-23
mwinilunga dho,sailunga,9-11-23
mwinilunga dho,kalene (kawota),9-11-23
mwinilunga dho,kakoma,9-11-23
mwinilunga dho,kafweku,2009-12-01
mwinilunga dho,katuyola,2009-12-02
mwinilunga dho,lwawu,2009-12-02
mwinilunga dho,sakapoti,2009-12-02
mwinilunga dho,musangila,2009-12-02
mwinilunga dho,chibwika,2009-12-02
mwinilunga dho,kanyihampa,2009-12-04
mwinilunga dho,kamapanda,2009-12-04
mwinilunga dho,sachibondu,2009-12-04
mwinilunga dho,mukangala,2009-12-04
mwinilunga dho,kapundu,2009-12-04
mwinilunga dho,kakoma,2009-12-04
mwinilunga dho,salujinga,2009-12-04
mwinilunga dho,tom ilunga,2009-12-04
mwinilunga dho,nyangombe,2009-12-07
mwinilunga dho,lumwana,2009-12-08
mwinilunga dho,chiwoma,2009-12-08
mwinilunga dho,kanzenzi,2009-12-08
mwinilunga dho,ikelenge,2009-12-08
mwinilunga dho,kanyama,2009-12-08
mwinilunga dho,kayipaka,2009-12-09
mwinilunga dho,kalene (kawota),2009-12-09
mwinilunga dho,chisengi sengi,2009-12-10
mwinilunga dho,jimbe,2009-12-11
mwinilunga dho,kazozu,2009-12-11
mwinilunga dho,sailunga,2009-12-11
mwinilunga dho,kamapanda,2010-01-04
mwinilunga dho,sailunga,2010-01-05
mwinilunga dho,chiwoma,2010-01-05
mwinilunga dho,kapundu,2010-01-05
mwinilunga dho,kanyama,2010-01-05
mwinilunga dho,kafweku,2010-01-05
mwinilunga dho,chibwika,2010-01-05
mwinilunga dho,lumwana,2010-01-05
mwinilunga dho,mukangala,2010-01-05
mwinilunga dho,lwawu,2010-01-05
mwinilunga dho,musangila,2010-01-05
mwinilunga dho,kanzenzi,2010-01-05
mwinilunga dho,jimbe,2010-01-05
mwinilunga dho,kanyihampa,2010-01-07
mwinilunga dho,kakoma,2010-01-08
mwinilunga dho,nyangombe,2010-01-08
mwinilunga dho,kayipaka,2010-01-11
mwinilunga dho,salujinga,2010-01-11
mwinilunga dho,ikelenge,2010-01-11
mwinilunga dho,chisengi sengi,2010-01-12
mwinilunga dho,tom ilunga,10-01-14
mwinilunga dho,katuyola,10-01-15
mwinilunga dho,kazozu,10-01-19
mwinilunga dho,sakapoti,10-01-20
mwinilunga dho,kalene (kawota),10-01-20
mwinilunga dho,kafweku,2010-02-01
mwinilunga dho,musangila,2010-02-02
mwinilunga dho,nyangombe,2010-02-03
mwinilunga dho,kapundu,2010-02-03
mwinilunga dho,lumwana,2010-02-04
mwinilunga dho,mukangala,2010-02-04
mwinilunga dho,chiwoma,2010-02-04
mwinilunga dho,kanzenzi,2010-02-04
mwinilunga dho,katuyola,2010-02-05
mwinilunga dho,chisengi sengi,2010-02-05
mwinilunga dho,sailunga,2010-02-05
mwinilunga dho,lwawu,2010-02-08
mwinilunga dho,kamapanda,2010-02-08
mwinilunga dho,jimbe,2010-02-08
mwinilunga dho,kanyihampa,2010-02-08
mwinilunga dho,sakapoti,2010-02-08
mwinilunga dho,kakoma,2010-02-08
mwinilunga dho,kanyama,2010-02-09
mwinilunga dho,ikelenge,2010-02-09
mwinilunga dho,kayipaka,2010-02-10
mwinilunga dho,sachibondu,2010-02-10
mwinilunga dho,chibwika,2010-02-11
mwinilunga dho,kalene (kawota),10-02-17
mwinilunga dho,kazozu,10-02-19
mwinilunga dho,salujinga,10-02-19
mwinilunga dho,tom ilunga,10-02-19
mwinilunga dho,musangila,2010-03-04
mwinilunga dho,jimbe,2010-03-04
mwinilunga dho,kapundu,2010-03-04
mwinilunga dho,mukangala,2010-03-04
mwinilunga dho,katuyola,2010-03-04
mwinilunga dho,kamapanda,2010-03-04
mwinilunga dho,kayipaka,2010-03-04
mwinilunga dho,kanzenzi,2010-03-05
mwinilunga dho,sailunga,2010-03-05
mwinilunga dho,kanyihampa,2010-03-05
mwinilunga dho,kanyama,2010-03-05
mwinilunga dho,sakapoti,2010-03-05
mwinilunga dho,chisengi sengi,2010-03-08
mwinilunga dho,nyangombe,2010-03-08
mwinilunga dho,lwawu,2010-03-08
mwinilunga dho,lumwana,2010-03-09
mwinilunga dho,kakoma,2010-03-09
mwinilunga dho,tom ilunga,2010-03-09
mwinilunga dho,kazozu,2010-03-09
mwinilunga dho,chiwoma,2010-03-10
mwinilunga dho,chibwika,2010-03-10
mwinilunga dho,kafweku,10-03-15
mwinilunga dho,sachibondu,10-03-15
mwinilunga dho,ikelenge,10-03-15
mwinilunga dho,salujinga,10-03-15
mwinilunga dho,kalene (kawota),10-03-15
mwinilunga dho,musangila,2010-04-01
mwinilunga dho,kanyama,2010-04-04
mwinilunga dho,kapundu,2010-04-05
mwinilunga dho,jimbe,2010-04-06
mwinilunga dho,chiwoma,2010-04-06
mwinilunga dho,kanzenzi,2010-04-06
mwinilunga dho,mukangala,2010-04-06
mwinilunga dho,kafweku,2010-04-06
mwinilunga dho,sakapoti,2010-04-06
mwinilunga dho,lumwana,2010-04-07
mwinilunga dho,katuyola,2010-04-07
mwinilunga dho,sailunga,2010-04-07
mwinilunga dho,chisengi sengi,2010-04-08
mwinilunga dho,nyangombe,2010-04-08
mwinilunga dho,ikelenge,2010-04-08
mwinilunga dho,lwawu,2010-04-08
mwinilunga dho,kayipaka,2010-04-09
mwinilunga dho,kanyihampa,10-04-13
mwinilunga dho,kakoma,10-04-13
mwinilunga dho,kazozu,10-04-14
mwinilunga dho,kamapanda,10-04-14
mwinilunga dho,chibwika,10-04-15
mwinilunga dho,tom ilunga,10-04-15
mwinilunga dho,salujinga,10-04-21
mwinilunga dho,kalene (kawota),10-04-21
mwinilunga dho,sachibondu,10-04-21
nakonde dho,waitwika,2009-05-05
nakonde dho,chanka,2009-05-05
nakonde dho,mwenzo,2009-05-08
nakonde dho,nakonde,2009-05-08
nakonde dho,ntatumbila,2009-05-08
nakonde dho,shem,2009-05-11
nakonde dho,chozi,2009-05-11
nakonde dho,chilolwa,2009-05-18
nakonde dho,nakonde,2009-06-05
nakonde dho,waitwika,2009-06-05
nakonde dho,mwenzo,2009-06-05
nakonde dho,chilolwa,2009-06-05
nakonde dho,chozi,2009-06-05
nakonde dho,chanka,2009-06-05
nakonde dho,shem,2009-06-08
nakonde dho,ntatumbila,2009-06-08
nakonde dho,nakonde,2009-07-05
nakonde dho,mwenzo,2009-07-06
nakonde dho,waitwika,2009-07-09
nakonde dho,chilolwa,2009-07-09
nakonde dho,chozi,2009-07-09
nakonde dho,ntatumbila,2009-07-09
nakonde dho,chanka,2009-07-10
nakonde dho,shem,2009-07-10
nakonde dho,nakonde,2009-08-04
nakonde dho,mwenzo,2009-08-04
nakonde dho,waitwika,2009-08-04
nakonde dho,chilolwa,2009-08-05
nakonde dho,chozi,2009-08-06
nakonde dho,ntatumbila,2009-08-05
nakonde dho,chanka,2009-08-05
nakonde dho,shem,2009-08-05
nakonde dho,nakonde,2009-09-06
nakonde dho,mwenzo,2009-09-06
nakonde dho,waitwika,2009-09-07
nakonde dho,chilolwa,2009-09-08
nakonde dho,chanka,2009-09-14
nakonde dho,ntatumbila,2009-09-15
nakonde dho,shem,2009-09-15
nakonde dho,chozi,2009-09-20
nakonde dho,mwenzo,2009-10-05
nakonde dho,nakonde,2009-10-05
nakonde dho,waitwika,2009-10-06
nakonde dho,chilolwa,2009-10-06
nakonde dho,chanka,2009-10-10
nakonde dho,shem,2009-10-10
nakonde dho,ntatumbila,2009-10-12
nakonde dho,chozi,2009-10-13
nakonde dho,shem,2009-11-03
nakonde dho,waitwika,2009-11-03
nakonde dho,chozi,2009-11-04
nakonde dho,ntatumbila,2009-11-04
nakonde dho,chanka,2009-11-05
nakonde dho,mwenzo,2009-11-05
nakonde dho,chilolwa,2009-11-05
nakonde dho,nakonde,2009-11-06
nakonde dho,nakonde,2009-12-07
nakonde dho,waitwika,2009-12-07
nakonde dho,chilolwa,2009-12-08
nakonde dho,chanka,2009-12-08
nakonde dho,shem,2009-12-08
nakonde dho,ntatumbila,2009-12-09
nakonde dho,chozi,2009-12-10
nakonde dho,mwenzo,2009-12-10
nakonde dho,shem,2010-01-04
nakonde dho,waitwika,2010-01-04
nakonde dho,chozi,2010-01-04
nakonde dho,mwenzo,2010-01-05
nakonde dho,nakonde,2010-01-05
nakonde dho,ntatumbila,2010-01-05
nakonde dho,chilolwa,2010-01-06
nakonde dho,chanka,2010-01-08
nakonde dho,chozi,2010-02-02
nakonde dho,ntatumbila,2010-02-04
nakonde dho,shem,2010-02-04
nakonde dho,mwenzo,2010-02-04
nakonde dho,waitwika,2010-02-04
nakonde dho,chilolwa,2010-02-05
nakonde dho,nakonde,2010-02-05
nakonde dho,chanka,2010-02-07
nakonde dho,chozi,2010-03-02
nakonde dho,shem,2010-03-02
nakonde dho,ntatumbila,2010-03-03
nakonde dho,chanka,2010-03-04
nakonde dho,mwenzo,2010-03-04
nakonde dho,waitwika,2010-03-05
nakonde dho,chilolwa,2010-03-05
nakonde dho,nakonde,2010-03-06
nakonde dho,chozi,2010-04-01
nakonde dho,mwenzo,2010-04-01
nakonde dho,waitwika,2010-04-03
nakonde dho,ntatumbila,2010-04-05
nakonde dho,chilolwa,2010-04-05
nakonde dho,shem,2010-04-05
nakonde dho,nakonde,2010-04-06
nakonde dho,chanka,2010-04-06
shangombo dho,nangweshi,9-06-03
shangombo dho,mulonga,9-06-03
shangombo dho,kaanja,9-06-03
shangombo dho,mbanda,9-06-05
shangombo dho,sitoti,9-06-05
shangombo dho,nalwashi,9-06-05
shangombo dho,sioma,9-06-05
shangombo dho,shangombo,2009-07-04
shangombo dho,mulonga,2009-07-04
shangombo dho,sitoti,2009-07-04
shangombo dho,nangweshi,2009-07-04
shangombo dho,nalwashi,2009-07-04
shangombo dho,silowana,2009-07-04
shangombo dho,mutomena,2009-07-04
shangombo dho,mbanda,2009-07-05
shangombo dho,sioma,2009-07-05
shangombo dho,shangombo,2009-08-01
shangombo dho,kaanja,2009-08-01
shangombo dho,sitoti,2009-08-04
shangombo dho,nangweshi,2009-08-04
shangombo dho,nalwashi,2009-08-04
shangombo dho,silowana,2009-08-04
shangombo dho,mutomena,2009-08-04
shangombo dho,mbanda,2009-08-04
shangombo dho,sioma,2009-08-05
shangombo dho,sinjembela,2009-08-07
shangombo dho,kaunga mashi,2009-08-12
shangombo dho,mulonga,2009-08-12
shangombo dho,sipuma,9-08-15
shangombo dho,shangombo,2009-09-04
shangombo dho,kaanja,2009-09-04
shangombo dho,sitoti,2009-09-04
shangombo dho,nangweshi,2009-09-02
shangombo dho,nalwashi,2009-09-04
shangombo dho,silowana,2009-09-04
shangombo dho,mutomena,2009-09-04
shangombo dho,mbanda,2009-09-04
shangombo dho,sioma,2009-09-02
shangombo dho,sinjembela,2009-09-04
shangombo dho,kaunga mashi,2009-10-01
shangombo dho,mulonga,2009-09-04
shangombo dho,sipuma,2009-09-02
shangombo dho,shangombo,2009-10-04
shangombo dho,kaanja,2009-10-04
shangombo dho,sitoti,2009-10-04
shangombo dho,nangweshi,2009-10-04
shangombo dho,nalwashi,2009-10-05
shangombo dho,silowana,2009-10-05
shangombo dho,mutomena,2009-10-05
shangombo dho,mbanda,2009-10-05
shangombo dho,sioma,2009-10-05
shangombo dho,sinjembela,2009-10-07
shangombo dho,sipuma,2009-10-07
shangombo dho,mulonga,2009-10-07
shangombo dho,kaunga mashi,9-10-28
shangombo dho,sioma,2009-11-01
shangombo dho,kaanja,2009-11-01
shangombo dho,sitoti,2009-11-01
shangombo dho,nangweshi,2009-11-01
shangombo dho,nalwashi,2009-11-02
shangombo dho,silowana,2009-11-02
shangombo dho,sipuma,2009-11-03
shangombo dho,mbanda,2009-11-04
shangombo dho,shangombo,2009-11-04
shangombo dho,sinjembela,2009-11-09
shangombo dho,mutomena,9-11-30
shangombo dho,mulonga,9-11-30
shangombo dho,kaunga mashi,2009-12-01
shangombo dho,kaanja,2009-12-01
shangombo dho,sitoti,2009-12-01
shangombo dho,nangweshi,2009-12-01
shangombo dho,nalwashi,2009-12-02
shangombo dho,silowana,2009-12-02
shangombo dho,sipuma,2009-12-03
shangombo dho,mbanda,2009-12-04
shangombo dho,shangombo,2009-12-04
shangombo dho,sinjembela,2009-12-05
shangombo dho,mutomena,2009-12-05
shangombo dho,mulonga,2009-12-05
shangombo dho,sioma,2010-01-02
shangombo dho,sioma,2010-01-04
shangombo dho,kaanja,2010-01-04
shangombo dho,nangweshi,2010-01-04
shangombo dho,kaunga mashi,2010-01-05
shangombo dho,mulonga,2010-01-05
shangombo dho,sinjembela,2010-01-05
shangombo dho,sipuma,2010-01-05
shangombo dho,sitoti,2010-01-07
shangombo dho,nalwashi,2010-01-11
shangombo dho,silowana,2010-01-13
shangombo dho,mutomena,2010-01-14
shangombo dho,sioma,2010-02-04
shangombo dho,kaanja,2010-02-04
shangombo dho,nangweshi,2010-02-04
shangombo dho,kaunga mashi,2010-02-05
shangombo dho,mulonga,2010-02-05
shangombo dho,sinjembela,2010-02-05
shangombo dho,sipuma,2010-02-15
shangombo dho,sitoti,2010-02-15
shangombo dho,nalwashi,2010-02-15
shangombo dho,silowana,2010-02-18
shangombo dho,mutomena,2010-02-18
shangombo dho,sioma,2010-03-22
shangombo dho,kaanja,2010-03-22
shangombo dho,nangweshi,2010-03-22
shangombo dho,kaunga mashi,2010-03-22
shangombo dho,mulonga,2010-03-22
shangombo dho,sinjembela,2010-03-22
shangombo dho,sipuma,2010-03-22
shangombo dho,sitoti,2010-03-22
shangombo dho,nalwashi,2010-03-22
shangombo dho,silowana,2010-03-22
shangombo dho,mutomena,2010-03-22
shangombo dho,mbanda,2010-03-22
shangombo dho,shangombo,2010-03-23
shangombo dho,sioma,2010-04-06
shangombo dho,kaanja,2010-04-06
shangombo dho,nangweshi,2010-04-06
shangombo dho,kaunga mashi,2010-04-07
shangombo dho,silowana,2010-04-07
shangombo dho,sinjembela,2010-04-07
shangombo dho,sipuma,2010-04-07
shangombo dho,sitoti,2010-04-07
shangombo dho,nalwashi,2010-04-12
shangombo dho,mulonga,2010-04-14
shangombo dho,mutomena,2010-04-14
shangombo dho,mbanda,2010-04-19
shangombo dho,shangombo,2010-04-19
